alpha,Stiffness (K),Viscosity (D),Mass (M),(K2),(KD),(D2),bias
,,,,,,,
1.00E-08,1558.352723,-0.566408704,0.049467306,127144.9722,871.6376193,-0.015418792,-0.078563483
,,,,,,,
0.000550561,0,5.365211736,-0.461944763,0,0,0.060693136,2.778511877
,,,,,,,
0.001101111,0,3.477938227,-0.45805978,0,0,0.059357899,2.780289407
,,,,,,,
0.001651662,0,1.590663487,-0.454174789,0,0,0.058022661,2.78206694
,,,,,,,
0.002202212,0,0,-0.450817324,0,0,0.056858428,2.783611595
,,,,,,,
0.002752763,0,0,-0.450291067,0,0,0.056611499,2.783907095
,,,,,,,
0.003303313,0,0,-0.44976481,0,0,0.05636457,2.784202594
,,,,,,,
0.003853864,0,0,-0.449238553,0,0,0.056117641,2.784498094
,,,,,,,
0.004404414,0,0,-0.448712296,0,0,0.055870712,2.784793594
,,,,,,,
0.004954965,0,0,-0.448186038,0,0,0.055623783,2.785089093
,,,,,,,
0.005505515,0,0,-0.447659781,0,0,0.055376854,2.785384593
,,,,,,,
0.006056066,0,0,-0.447133524,0,0,0.055129925,2.785680093
,,,,,,,
0.006606616,0,0,-0.446607267,0,0,0.054882996,2.785975592
,,,,,,,
0.007157167,0,0,-0.44608101,0,0,0.054636067,2.786271092
,,,,,,,
0.007707718,0,0,-0.445554753,0,0,0.054389138,2.786566592
,,,,,,,
0.008258268,0,0,-0.445028495,0,0,0.054142209,2.786862091
,,,,,,,
0.008808819,0,0,-0.444502238,0,0,0.05389528,2.787157591
,,,,,,,
0.009359369,0,0,-0.443975981,0,0,0.053648351,2.787453091
,,,,,,,
0.00990992,0,0,-0.443449724,0,0,0.053401422,2.78774859
,,,,,,,
0.01046047,0,0,-0.442923467,0,0,0.053154493,2.78804409
,,,,,,,
0.011011021,0,0,-0.442397209,0,0,0.052907564,2.78833959
,,,,,,,
0.011561571,0,0,-0.441870952,0,0,0.052660635,2.788635089
,,,,,,,
0.012112122,0,0,-0.441344695,0,0,0.052413706,2.788930589
,,,,,,,
0.012662672,0,0,-0.440818438,0,0,0.052166777,2.789226088
,,,,,,,
0.013213223,0,0,-0.440292181,0,0,0.051919848,2.789521588
,,,,,,,
0.013763774,0,0,-0.439765923,0,0,0.051672919,2.789817088
,,,,,,,
0.014314324,0,0,-0.439239666,0,0,0.05142599,2.790112587
,,,,,,,
0.014864875,0,0,-0.438713409,0,0,0.051179061,2.790408087
,,,,,,,
0.015415425,0,0,-0.438187152,0,0,0.050932132,2.790703587
,,,,,,,
0.015965976,0,0,-0.437660895,0,0,0.050685203,2.790999086
,,,,,,,
0.016516526,0,0,-0.437134637,0,0,0.050438274,2.791294586
,,,,,,,
0.017067077,0,0,-0.43660838,0,0,0.050191345,2.791590086
,,,,,,,
0.017617627,0,0,-0.436082123,0,0,0.049944416,2.791885585
,,,,,,,
0.018168178,0,0,-0.435555866,0,0,0.049697487,2.792181085
,,,,,,,
0.018718728,0,0,-0.435029609,0,0,0.049450558,2.792476585
,,,,,,,
0.019269279,0,0,-0.434503351,0,0,0.049203629,2.792772084
,,,,,,,
0.019819829,0,0,-0.433977094,0,0,0.0489567,2.793067584
,,,,,,,
0.02037038,0,0,-0.433450837,0,0,0.048709771,2.793363084
,,,,,,,
0.020920931,0,0,-0.43292458,0,0,0.048462842,2.793658583
,,,,,,,
0.021471481,0,0,-0.432398323,0,0,0.048215913,2.793954083
,,,,,,,
0.022022032,0,0,-0.431872066,0,0,0.047968984,2.794249583
,,,,,,,
0.022572582,0,0,-0.431345808,0,0,0.047722055,2.794545082
,,,,,,,
0.023123133,0,0,-0.430819551,0,0,0.047475126,2.794840582
,,,,,,,
0.023673683,0,0,-0.430293294,0,0,0.047228197,2.795136082
,,,,,,,
0.024224234,0,0,-0.429767037,0,0,0.046981268,2.795431581
,,,,,,,
0.024774784,0,0,-0.42924078,0,0,0.046734339,2.795727081
,,,,,,,
0.025325335,0,0,-0.428714522,0,0,0.04648741,2.796022581
,,,,,,,
0.025875885,0,0,-0.428188265,0,0,0.046240481,2.79631808
,,,,,,,
0.026426436,0,0,-0.427662008,0,0,0.045993552,2.79661358
,,,,,,,
0.026976986,0,0,-0.427135751,0,0,0.045746623,2.79690908
,,,,,,,
0.027527537,0,0,-0.426609494,0,0,0.045499694,2.797204579
,,,,,,,
0.028078088,0,0,-0.426083236,0,0,0.045252765,2.797500079
,,,,,,,
0.028628638,0,0,-0.425556979,0,0,0.045005836,2.797795579
,,,,,,,
0.029179189,0,0,-0.425030722,0,0,0.044758907,2.798091078
,,,,,,,
0.029729739,0,0,-0.424504465,0,0,0.044511978,2.798386578
,,,,,,,
0.03028029,0,0,-0.423978208,0,0,0.044265049,2.798682078
,,,,,,,
0.03083084,0,0,-0.42345195,0,0,0.04401812,2.798977577
,,,,,,,
0.031381391,0,0,-0.422925693,0,0,0.043771191,2.799273077
,,,,,,,
0.031931941,0,0,-0.422399436,0,0,0.043524262,2.799568577
,,,,,,,
0.032482492,0,0,-0.421873179,0,0,0.043277333,2.799864076
,,,,,,,
0.033033042,0,0,-0.421346922,0,0,0.043030404,2.800159576
,,,,,,,
0.033583593,0,0,-0.420820664,0,0,0.042783475,2.800455076
,,,,,,,
0.034134144,0,0,-0.420294407,0,0,0.042536546,2.800750575
,,,,,,,
0.034684694,0,0,-0.41976815,0,0,0.042289617,2.801046075
,,,,,,,
0.035235245,0,0,-0.419241893,0,0,0.042042688,2.801341574
,,,,,,,
0.035785795,0,0,-0.418715636,0,0,0.041795759,2.801637074
,,,,,,,
0.036336346,0,0,-0.418189379,0,0,0.04154883,2.801932574
,,,,,,,
0.036886896,0,0,-0.417663121,0,0,0.041301901,2.802228073
,,,,,,,
0.037437447,0,0,-0.417136864,0,0,0.041054972,2.802523573
,,,,,,,
0.037987997,0,0,-0.416610607,0,0,0.040808043,2.802819073
,,,,,,,
0.038538548,0,0,-0.41608435,0,0,0.040561114,2.803114572
,,,,,,,
0.039089098,0,0,-0.415558093,0,0,0.040314185,2.803410072
,,,,,,,
0.039639649,0,0,-0.415031835,0,0,0.040067256,2.803705572
,,,,,,,
0.040190199,0,0,-0.414505578,0,0,0.039820327,2.804001071
,,,,,,,
0.04074075,0,0,-0.413979321,0,0,0.039573398,2.804296571
,,,,,,,
0.041291301,0,0,-0.413453064,0,0,0.039326469,2.804592071
,,,,,,,
0.041841851,0,0,-0.412926807,0,0,0.03907954,2.80488757
,,,,,,,
0.042392402,0,0,-0.412400549,0,0,0.038832611,2.80518307
,,,,,,,
0.042942952,0,0,-0.411874292,0,0,0.038585682,2.80547857
,,,,,,,
0.043493503,0,0,-0.411348035,0,0,0.038338753,2.805774069
,,,,,,,
0.044044053,0,0,-0.410821778,0,0,0.038091824,2.806069569
,,,,,,,
0.044594604,0,0,-0.410295521,0,0,0.037844895,2.806365069
,,,,,,,
0.045145154,0,0,-0.409769263,0,0,0.037597966,2.806660568
,,,,,,,
0.045695705,0,0,-0.409243006,0,0,0.037351037,2.806956068
,,,,,,,
0.046246255,0,0,-0.408716749,0,0,0.037104108,2.807251568
,,,,,,,
0.046796806,0,0,-0.408190492,0,0,0.036857179,2.807547067
,,,,,,,
0.047347356,0,0,-0.407664235,0,0,0.03661025,2.807842567
,,,,,,,
0.047897907,0,0,-0.407137977,0,0,0.036363321,2.808138067
,,,,,,,
0.048448458,0,0,-0.40661172,0,0,0.036116392,2.808433566
,,,,,,,
0.048999008,0,0,-0.406085463,0,0,0.035869463,2.808729066
,,,,,,,
0.049549559,0,0,-0.405559206,0,0,0.035622534,2.809024566
,,,,,,,
0.050100109,0,0,-0.405032949,0,0,0.035375605,2.809320065
,,,,,,,
0.05065066,0,0,-0.404506691,0,0,0.035128676,2.809615565
,,,,,,,
0.05120121,0,0,-0.403980434,0,0,0.034881747,2.809911065
,,,,,,,
0.051751761,0,0,-0.403454177,0,0,0.034634818,2.810206564
,,,,,,,
0.052302311,0,0,-0.40292792,0,0,0.034387889,2.810502064
,,,,,,,
0.052852862,0,0,-0.402401663,0,0,0.03414096,2.810797564
,,,,,,,
0.053403412,0,0,-0.401875406,0,0,0.033894031,2.811093063
,,,,,,,
0.053953963,0,0,-0.401349148,0,0,0.033647102,2.811388563
,,,,,,,
0.054504514,0,0,-0.400822891,0,0,0.033400173,2.811684063
,,,,,,,
0.055055064,0,0,-0.400296634,0,0,0.033153244,2.811979562
,,,,,,,
0.055605615,0,0,-0.399770377,0,0,0.032906315,2.812275062
,,,,,,,
0.056156165,0,0,-0.39924412,0,0,0.032659386,2.812570562
,,,,,,,
0.056706716,0,0,-0.398717862,0,0,0.032412457,2.812866061
,,,,,,,
0.057257266,0,0,-0.398191605,0,0,0.032165528,2.813161561
,,,,,,,
0.057807817,0,0,-0.397665348,0,0,0.031918598,2.81345706
,,,,,,,
0.058358367,0,0,-0.397139091,0,0,0.031671669,2.81375256
,,,,,,,
0.058908918,0,0,-0.396612834,0,0,0.03142474,2.81404806
,,,,,,,
0.059459468,0,0,-0.396086576,0,0,0.031177811,2.814343559
,,,,,,,
0.060010019,0,0,-0.395560319,0,0,0.030930882,2.814639059
,,,,,,,
0.060560569,0,0,-0.395034062,0,0,0.030683953,2.814934559
,,,,,,,
0.06111112,0,0,-0.394507805,0,0,0.030437024,2.815230058
,,,,,,,
0.061661671,0,0,-0.393981548,0,0,0.030190095,2.815525558
,,,,,,,
0.062212221,0,0,-0.39345529,0,0,0.029943166,2.815821058
,,,,,,,
0.062762772,0,0,-0.392929033,0,0,0.029696237,2.816116557
,,,,,,,
0.063313322,0,0,-0.392402776,0,0,0.029449308,2.816412057
,,,,,,,
0.063863873,0,0,-0.391876519,0,0,0.029202379,2.816707557
,,,,,,,
0.064414423,0,0,-0.391350262,0,0,0.02895545,2.817003056
,,,,,,,
0.064964974,0,0,-0.390824004,0,0,0.028708521,2.817298556
,,,,,,,
0.065515524,0,0,-0.390297747,0,0,0.028461592,2.817594056
,,,,,,,
0.066066075,0,0,-0.38977149,0,0,0.028214663,2.817889555
,,,,,,,
0.066616625,0,0,-0.389245233,0,0,0.027967734,2.818185055
,,,,,,,
0.067167176,0,0,-0.388718976,0,0,0.027720805,2.818480555
,,,,,,,
0.067717726,0,0,-0.388192719,0,0,0.027473876,2.818776054
,,,,,,,
0.068268277,0,0,-0.387666461,0,0,0.027226947,2.819071554
,,,,,,,
0.068818828,0,0,-0.387140204,0,0,0.026980018,2.819367054
,,,,,,,
0.069369378,0,0,-0.386613947,0,0,0.026733089,2.819662553
,,,,,,,
0.069919929,0,0,-0.38608769,0,0,0.02648616,2.819958053
,,,,,,,
0.070470479,0,0,-0.385561433,0,0,0.026239231,2.820253553
,,,,,,,
0.07102103,0,0,-0.385035175,0,0,0.025992302,2.820549052
,,,,,,,
0.07157158,0,0,-0.384508918,0,0,0.025745373,2.820844552
,,,,,,,
0.072122131,0,0,-0.383982661,0,0,0.025498444,2.821140052
,,,,,,,
0.072672681,0,0,-0.383456404,0,0,0.025251515,2.821435551
,,,,,,,
0.073223232,0,0,-0.382930147,0,0,0.025004586,2.821731051
,,,,,,,
0.073773782,0,0,-0.382403889,0,0,0.024757657,2.822026551
,,,,,,,
0.074324333,0,0,-0.381877632,0,0,0.024510728,2.82232205
,,,,,,,
0.074874884,0,0,-0.381351375,0,0,0.024263799,2.82261755
,,,,,,,
0.075425434,0,0,-0.380825118,0,0,0.02401687,2.82291305
,,,,,,,
0.075975985,0,0,-0.380298861,0,0,0.023769941,2.823208549
,,,,,,,
0.076526535,0,0,-0.379772603,0,0,0.023523012,2.823504049
,,,,,,,
0.077077086,0,0,-0.379246346,0,0,0.023276083,2.823799549
,,,,,,,
0.077627636,0,0,-0.378720089,0,0,0.023029154,2.824095048
,,,,,,,
0.078178187,0,0,-0.378193832,0,0,0.022782225,2.824390548
,,,,,,,
0.078728737,0,0,-0.377667575,0,0,0.022535296,2.824686047
,,,,,,,
0.079279288,0,0,-0.377141317,0,0,0.022288367,2.824981547
,,,,,,,
0.079829838,0,0,-0.37661506,0,0,0.022041438,2.825277047
,,,,,,,
0.080380389,0,0,-0.376088803,0,0,0.021794509,2.825572546
,,,,,,,
0.080930939,0,0,-0.375562546,0,0,0.02154758,2.825868046
,,,,,,,
0.08148149,0,0,-0.375036289,0,0,0.021300651,2.826163546
,,,,,,,
0.082032041,0,0,-0.374510032,0,0,0.021053722,2.826459045
,,,,,,,
0.082582591,0,0,-0.373983774,0,0,0.020806793,2.826754545
,,,,,,,
0.083133142,0,0,-0.373457517,0,0,0.020559864,2.827050045
,,,,,,,
0.083683692,0,0,-0.37293126,0,0,0.020312935,2.827345544
,,,,,,,
0.084234243,0,0,-0.372405003,0,0,0.020066006,2.827641044
,,,,,,,
0.084784793,0,0,-0.371878746,0,0,0.019819077,2.827936544
,,,,,,,
0.085335344,0,0,-0.371352488,0,0,0.019572148,2.828232043
,,,,,,,
0.085885894,0,0,-0.370826231,0,0,0.019325219,2.828527543
,,,,,,,
0.086436445,0,0,-0.370299974,0,0,0.01907829,2.828823043
,,,,,,,
0.086986995,0,0,-0.369773717,0,0,0.018831361,2.829118542
,,,,,,,
0.087537546,0,0,-0.36924746,0,0,0.018584432,2.829414042
,,,,,,,
0.088088096,0,0,-0.368721202,0,0,0.018337503,2.829709542
,,,,,,,
0.088638647,0,0,-0.368194945,0,0,0.018090574,2.830005041
,,,,,,,
0.089189198,0,0,-0.367668688,0,0,0.017843645,2.830300541
,,,,,,,
0.089739748,0,0,-0.367142431,0,0,0.017596716,2.830596041
,,,,,,,
0.090290299,0,0,-0.366616174,0,0,0.017349787,2.83089154
,,,,,,,
0.090840849,0,0,-0.366089916,0,0,0.017102858,2.83118704
,,,,,,,
0.0913914,0,0,-0.365563659,0,0,0.016855929,2.83148254
,,,,,,,
0.09194195,0,0,-0.365037402,0,0,0.016609,2.831778039
,,,,,,,
0.092492501,0,0,-0.364511145,0,0,0.016362071,2.832073539
,,,,,,,
0.093043051,0,0,-0.363984888,0,0,0.016115142,2.832369039
,,,,,,,
0.093593602,0,0,-0.36345863,0,0,0.015868213,2.832664538
,,,,,,,
0.094144152,0,0,-0.362932373,0,0,0.015621284,2.832960038
,,,,,,,
0.094694703,0,0,-0.362406116,0,0,0.015374355,2.833255538
,,,,,,,
0.095245254,0,0,-0.361879859,0,0,0.015127426,2.833551037
,,,,,,,
0.095795804,0,0,-0.361353602,0,0,0.014880497,2.833846537
,,,,,,,
0.096346355,0,0,-0.360827345,0,0,0.014633568,2.834142037
,,,,,,,
0.096896905,0,0,-0.360301087,0,0,0.014386639,2.834437536
,,,,,,,
0.097447456,0,0,-0.35977483,0,0,0.01413971,2.834733036
,,,,,,,
0.097998006,0,0,-0.359248573,0,0,0.013892781,2.835028536
,,,,,,,
0.098548557,0,0,-0.358722316,0,0,0.013645852,2.835324035
,,,,,,,
0.099099107,0,0,-0.358196059,0,0,0.013398923,2.835619535
,,,,,,,
0.099649658,0,0,-0.357669801,0,0,0.013151994,2.835915035
,,,,,,,
0.100200208,0,0,-0.357143544,0,0,0.012905065,2.836210534
,,,,,,,
0.100750759,0,0,-0.356617287,0,0,0.012658136,2.836506034
,,,,,,,
0.101301309,0,0,-0.35609103,0,0,0.012411207,2.836801533
,,,,,,,
0.10185186,0,0,-0.355564773,0,0,0.012164278,2.837097033
,,,,,,,
0.102402411,0,0,-0.355038515,0,0,0.011917349,2.837392533
,,,,,,,
0.102952961,0,0,-0.354512258,0,0,0.01167042,2.837688032
,,,,,,,
0.103503512,0,0,-0.353986001,0,0,0.011423491,2.837983532
,,,,,,,
0.104054062,0,0,-0.353459744,0,0,0.011176562,2.838279032
,,,,,,,
0.104604613,0,0,-0.352933487,0,0,0.010929633,2.838574531
,,,,,,,
0.105155163,0,0,-0.352407229,0,0,0.010682704,2.838870031
,,,,,,,
0.105705714,0,0,-0.351880972,0,0,0.010435775,2.839165531
,,,,,,,
0.106256264,0,0,-0.351354715,0,0,0.010188846,2.83946103
,,,,,,,
0.106806815,0,0,-0.350828458,0,0,0.009941917,2.83975653
,,,,,,,
0.107357365,0,0,-0.350302201,0,0,0.009694988,2.84005203
,,,,,,,
0.107907916,0,0,-0.349775943,0,0,0.009448059,2.840347529
,,,,,,,
0.108458466,0,0,-0.349249686,0,0,0.00920113,2.840643029
,,,,,,,
0.109009017,0,0,-0.348723429,0,0,0.008954201,2.840938529
,,,,,,,
0.109559568,0,0,-0.348197172,0,0,0.008707272,2.841234028
,,,,,,,
0.110110118,0,0,-0.347670915,0,0,0.008460343,2.841529528
,,,,,,,
0.110660669,0,0,-0.347144657,0,0,0.008213414,2.841825028
,,,,,,,
0.111211219,0,0,-0.3466184,0,0,0.007966485,2.842120527
,,,,,,,
0.11176177,0,0,-0.346092143,0,0,0.007719556,2.842416027
,,,,,,,
0.11231232,0,0,-0.345565886,0,0,0.007472627,2.842711527
,,,,,,,
0.112862871,0,0,-0.345039629,0,0,0.007225698,2.843007026
,,,,,,,
0.113413421,0,0,-0.344513372,0,0,0.006978769,2.843302526
,,,,,,,
0.113963972,0,0,-0.343987114,0,0,0.00673184,2.843598026
,,,,,,,
0.114514522,0,0,-0.343460857,0,0,0.006484911,2.843893525
,,,,,,,
0.115065073,0,0,-0.3429346,0,0,0.006237982,2.844189025
,,,,,,,
0.115615624,0,0,-0.342408343,0,0,0.005991053,2.844484525
,,,,,,,
0.116166174,0,0,-0.341882086,0,0,0.005744124,2.844780024
,,,,,,,
0.116716725,0,0,-0.341355828,0,0,0.005497195,2.845075524
,,,,,,,
0.117267275,0,0,-0.340829571,0,0,0.005250266,2.845371024
,,,,,,,
0.117817826,0,0,-0.340303314,0,0,0.005003337,2.845666523
,,,,,,,
0.118368376,0,0,-0.339777057,0,0,0.004756408,2.845962023
,,,,,,,
0.118918927,0,0,-0.33924986,0,0,0.004509377,2.846257645
,,,,,,,
0.119469477,0,0,-0.338723655,0,0,0.004262454,2.846553138
,,,,,,,
0.120020028,0,0,-0.338197449,0,0,0.00401553,2.846848631
,,,,,,,
0.120570578,0,0,-0.337671243,0,0,0.003768607,2.847144124
,,,,,,,
0.121121129,0,0,-0.337145037,0,0,0.003521684,2.847439617
,,,,,,,
0.121671679,0,0,-0.336618832,0,0,0.00327476,2.84773511
,,,,,,,
0.12222223,0,0,-0.336092626,0,0,0.003027837,2.848030603
,,,,,,,
0.122772781,0,0,-0.33556642,0,0,0.002780913,2.848326096
,,,,,,,
0.123323331,0,0,-0.335040214,0,0,0.00253399,2.848621589
,,,,,,,
0.123873882,0,0,-0.334514008,0,0,0.002287066,2.848917082
,,,,,,,
0.124424432,0,0,-0.333987803,0,0,0.002040143,2.849212575
,,,,,,,
0.124974983,0,0,-0.333461597,0,0,0.00179322,2.849508068
,,,,,,,
0.125525533,0,0,-0.332935391,0,0,0.001546296,2.849803561
,,,,,,,
0.126076084,0,0,-0.332409185,0,0,0.001299373,2.850099054
,,,,,,,
0.126626634,0,0,-0.33188298,0,0,0.001052449,2.850394546
,,,,,,,
0.127177185,0,0,-0.331356774,0,0,0.000805526,2.850690039
,,,,,,,
0.127727735,0,0,-0.330830568,0,0,0.000558602,2.850985532
,,,,,,,
0.128278286,0,0,-0.330304362,0,0,0.000311679,2.851281025
,,,,,,,
0.128828836,0,0,-0.329777684,0,0,6.47E-05,2.85157658
,,,,,,,
0.129379387,0,0,-0.329299875,0,0,0,2.851654503
,,,,,,,
0.129929938,0,0,-0.328838629,0,0,0,2.85165517
,,,,,,,
0.130480488,0,0,-0.328377383,0,0,0,2.851655837
,,,,,,,
0.131031039,0,0,-0.327916137,0,0,0,2.851656503
,,,,,,,
0.131581589,0,0,-0.327454891,0,0,0,2.85165717
,,,,,,,
0.13213214,0,0,-0.326993645,0,0,0,2.851657837
,,,,,,,
0.13268269,0,0,-0.326532399,0,0,0,2.851658504
,,,,,,,
0.133233241,0,0,-0.326071153,0,0,0,2.851659171
,,,,,,,
0.133783791,0,0,-0.325609906,0,0,0,2.851659838
,,,,,,,
0.134334342,0,0,-0.32514866,0,0,0,2.851660504
,,,,,,,
0.134884892,0,0,-0.324687414,0,0,0,2.851661171
,,,,,,,
0.135435443,0,0,-0.324226168,0,0,0,2.851661838
,,,,,,,
0.135985994,0,0,-0.323764922,0,0,0,2.851662505
,,,,,,,
0.136536544,0,0,-0.323303676,0,0,0,2.851663172
,,,,,,,
0.137087095,0,0,-0.32284243,0,0,0,2.851663838
,,,,,,,
0.137637645,0,0,-0.322381184,0,0,0,2.851664505
,,,,,,,
0.138188196,0,0,-0.321919938,0,0,0,2.851665172
,,,,,,,
0.138738746,0,0,-0.321458692,0,0,0,2.851665839
,,,,,,,
0.139289297,0,0,-0.320997446,0,0,0,2.851666506
,,,,,,,
0.139839847,0,0,-0.3205362,0,0,0,2.851667173
,,,,,,,
0.140390398,0,0,-0.320074954,0,0,0,2.851667839
,,,,,,,
0.140940948,0,0,-0.319613708,0,0,0,2.851668506
,,,,,,,
0.141491499,0,0,-0.319152462,0,0,0,2.851669173
,,,,,,,
0.142042049,0,0,-0.318691216,0,0,0,2.85166984
,,,,,,,
0.1425926,0,0,-0.31822997,0,0,0,2.851670507
,,,,,,,
0.143143151,0,0,-0.317768723,0,0,0,2.851671173
,,,,,,,
0.143693701,0,0,-0.317307477,0,0,0,2.85167184
,,,,,,,
0.144244252,0,0,-0.316846231,0,0,0,2.851672507
,,,,,,,
0.144794802,0,0,-0.316384985,0,0,0,2.851673174
,,,,,,,
0.145345353,0,0,-0.315923739,0,0,0,2.851673841
,,,,,,,
0.145895903,0,0,-0.315462493,0,0,0,2.851674508
,,,,,,,
0.146446454,0,0,-0.315001247,0,0,0,2.851675174
,,,,,,,
0.146997004,0,0,-0.314540001,0,0,0,2.851675841
,,,,,,,
0.147547555,0,0,-0.314078755,0,0,0,2.851676508
,,,,,,,
0.148098105,0,0,-0.313617509,0,0,0,2.851677175
,,,,,,,
0.148648656,0,0,-0.313156263,0,0,0,2.851677842
,,,,,,,
0.149199206,0,0,-0.312695017,0,0,0,2.851678508
,,,,,,,
0.149749757,0,0,-0.312233771,0,0,0,2.851679175
,,,,,,,
0.150300308,0,0,-0.311772525,0,0,0,2.851679842
,,,,,,,
0.150850858,0,0,-0.311311279,0,0,0,2.851680509
,,,,,,,
0.151401409,0,0,-0.310850033,0,0,0,2.851681176
,,,,,,,
0.151951959,0,0,-0.310388787,0,0,0,2.851681843
,,,,,,,
0.15250251,0,0,-0.309927541,0,0,0,2.851682509
,,,,,,,
0.15305306,0,0,-0.309466294,0,0,0,2.851683176
,,,,,,,
0.153603611,0,0,-0.309005048,0,0,0,2.851683843
,,,,,,,
0.154154161,0,0,-0.308543802,0,0,0,2.85168451
,,,,,,,
0.154704712,0,0,-0.308082556,0,0,0,2.851685177
,,,,,,,
0.155255262,0,0,-0.30762131,0,0,0,2.851685843
,,,,,,,
0.155805813,0,0,-0.307160064,0,0,0,2.85168651
,,,,,,,
0.156356364,0,0,-0.306698818,0,0,0,2.851687177
,,,,,,,
0.156906914,0,0,-0.306237572,0,0,0,2.851687844
,,,,,,,
0.157457465,0,0,-0.305776326,0,0,0,2.851688511
,,,,,,,
0.158008015,0,0,-0.30531508,0,0,0,2.851689178
,,,,,,,
0.158558566,0,0,-0.304853834,0,0,0,2.851689844
,,,,,,,
0.159109116,0,0,-0.304392588,0,0,0,2.851690511
,,,,,,,
0.159659667,0,0,-0.303931342,0,0,0,2.851691178
,,,,,,,
0.160210217,0,0,-0.303470096,0,0,0,2.851691845
,,,,,,,
0.160760768,0,0,-0.30300885,0,0,0,2.851692512
,,,,,,,
0.161311318,0,0,-0.302547604,0,0,0,2.851693178
,,,,,,,
0.161861869,0,0,-0.302086358,0,0,0,2.851693845
,,,,,,,
0.162412419,0,0,-0.301625111,0,0,0,2.851694512
,,,,,,,
0.16296297,0,0,-0.301163865,0,0,0,2.851695179
,,,,,,,
0.163513521,0,0,-0.300702619,0,0,0,2.851695846
,,,,,,,
0.164064071,0,0,-0.300241373,0,0,0,2.851696513
,,,,,,,
0.164614622,0,0,-0.299780127,0,0,0,2.851697179
,,,,,,,
0.165165172,0,0,-0.299318881,0,0,0,2.851697846
,,,,,,,
0.165715723,0,0,-0.298857635,0,0,0,2.851698513
,,,,,,,
0.166266273,0,0,-0.298396389,0,0,0,2.85169918
,,,,,,,
0.166816824,0,0,-0.297935143,0,0,0,2.851699847
,,,,,,,
0.167367374,0,0,-0.297473897,0,0,0,2.851700513
,,,,,,,
0.167917925,0,0,-0.297012651,0,0,0,2.85170118
,,,,,,,
0.168468475,0,0,-0.296551405,0,0,0,2.851701847
,,,,,,,
0.169019026,0,0,-0.296090159,0,0,0,2.851702514
,,,,,,,
0.169569576,0,0,-0.295628913,0,0,0,2.851703181
,,,,,,,
0.170120127,0,0,-0.295167667,0,0,0,2.851703848
,,,,,,,
0.170670678,0,0,-0.294706421,0,0,0,2.851704514
,,,,,,,
0.171221228,0,0,-0.294245175,0,0,0,2.851705181
,,,,,,,
0.171771779,0,0,-0.293783929,0,0,0,2.851705848
,,,,,,,
0.172322329,0,0,-0.293322682,0,0,0,2.851706515
,,,,,,,
0.17287288,0,0,-0.292861436,0,0,0,2.851707182
,,,,,,,
0.17342343,0,0,-0.29240019,0,0,0,2.851707848
,,,,,,,
0.173973981,0,0,-0.291938944,0,0,0,2.851708515
,,,,,,,
0.174524531,0,0,-0.291477698,0,0,0,2.851709182
,,,,,,,
0.175075082,0,0,-0.291016452,0,0,0,2.851709849
,,,,,,,
0.175625632,0,0,-0.290555206,0,0,0,2.851710516
,,,,,,,
0.176176183,0,0,-0.29009396,0,0,0,2.851711183
,,,,,,,
0.176726734,0,0,-0.289632714,0,0,0,2.851711849
,,,,,,,
0.177277284,0,0,-0.289171468,0,0,0,2.851712516
,,,,,,,
0.177827835,0,0,-0.288710222,0,0,0,2.851713183
,,,,,,,
0.178378385,0,0,-0.288248976,0,0,0,2.85171385
,,,,,,,
0.178928936,0,0,-0.28778773,0,0,0,2.851714517
,,,,,,,
0.179479486,0,0,-0.287326484,0,0,0,2.851715183
,,,,,,,
0.180030037,0,0,-0.286865238,0,0,0,2.85171585
,,,,,,,
0.180580587,0,0,-0.286403992,0,0,0,2.851716517
,,,,,,,
0.181131138,0,0,-0.285942746,0,0,0,2.851717184
,,,,,,,
0.181681688,0,0,-0.285481499,0,0,0,2.851717851
,,,,,,,
0.182232239,0,0,-0.285020253,0,0,0,2.851718518
,,,,,,,
0.182782789,0,0,-0.284559007,0,0,0,2.851719184
,,,,,,,
0.18333334,0,0,-0.284097761,0,0,0,2.851719851
,,,,,,,
0.183883891,0,0,-0.283636515,0,0,0,2.851720518
,,,,,,,
0.184434441,0,0,-0.283175269,0,0,0,2.851721185
,,,,,,,
0.184984992,0,0,-0.282714023,0,0,0,2.851721852
,,,,,,,
0.185535542,0,0,-0.282252777,0,0,0,2.851722518
,,,,,,,
0.186086093,0,0,-0.281791531,0,0,0,2.851723185
,,,,,,,
0.186636643,0,0,-0.281330285,0,0,0,2.851723852
,,,,,,,
0.187187194,0,0,-0.280869039,0,0,0,2.851724519
,,,,,,,
0.187737744,0,0,-0.280407793,0,0,0,2.851725186
,,,,,,,
0.188288295,0,0,-0.279946547,0,0,0,2.851725853
,,,,,,,
0.188838845,0,0,-0.279485301,0,0,0,2.851726519
,,,,,,,
0.189389396,0,0,-0.279024055,0,0,0,2.851727186
,,,,,,,
0.189939946,0,0,-0.278562809,0,0,0,2.851727853
,,,,,,,
0.190490497,0,0,-0.278101563,0,0,0,2.85172852
,,,,,,,
0.191041048,0,0,-0.277640316,0,0,0,2.851729187
,,,,,,,
0.191591598,0,0,-0.27717907,0,0,0,2.851729853
,,,,,,,
0.192142149,0,0,-0.276717824,0,0,0,2.85173052
,,,,,,,
0.192692699,0,0,-0.276256578,0,0,0,2.851731187
,,,,,,,
0.19324325,0,0,-0.275795332,0,0,0,2.851731854
,,,,,,,
0.1937938,0,0,-0.275334086,0,0,0,2.851732521
,,,,,,,
0.194344351,0,0,-0.27487284,0,0,0,2.851733188
,,,,,,,
0.194894901,0,0,-0.274411594,0,0,0,2.851733854
,,,,,,,
0.195445452,0,0,-0.273950348,0,0,0,2.851734521
,,,,,,,
0.195996002,0,0,-0.273489102,0,0,0,2.851735188
,,,,,,,
0.196546553,0,0,-0.273027856,0,0,0,2.851735855
,,,,,,,
0.197097104,0,0,-0.27256661,0,0,0,2.851736522
,,,,,,,
0.197647654,0,0,-0.272105364,0,0,0,2.851737188
,,,,,,,
0.198198205,0,0,-0.271644118,0,0,0,2.851737855
,,,,,,,
0.198748755,0,0,-0.271182872,0,0,0,2.851738522
,,,,,,,
0.199299306,0,0,-0.270721626,0,0,0,2.851739189
,,,,,,,
0.199849856,0,0,-0.27026038,0,0,0,2.851739856
,,,,,,,
0.200400407,0,0,-0.269799134,0,0,0,2.851740523
,,,,,,,
0.200950957,0,0,-0.269337887,0,0,0,2.851741189
,,,,,,,
0.201501508,0,0,-0.268876641,0,0,0,2.851741856
,,,,,,,
0.202052058,0,0,-0.268415395,0,0,0,2.851742523
,,,,,,,
0.202602609,0,0,-0.267954149,0,0,0,2.85174319
,,,,,,,
0.203153159,0,0,-0.267492903,0,0,0,2.851743857
,,,,,,,
0.20370371,0,0,-0.267031657,0,0,0,2.851744523
,,,,,,,
0.204254261,0,0,-0.266570411,0,0,0,2.85174519
,,,,,,,
0.204804811,0,0,-0.266109165,0,0,0,2.851745857
,,,,,,,
0.205355362,0,0,-0.265647919,0,0,0,2.851746524
,,,,,,,
0.205905912,0,0,-0.265186673,0,0,0,2.851747191
,,,,,,,
0.206456463,0,0,-0.264725427,0,0,0,2.851747858
,,,,,,,
0.207007013,0,0,-0.264264181,0,0,0,2.851748524
,,,,,,,
0.207557564,0,0,-0.263802935,0,0,0,2.851749191
,,,,,,,
0.208108114,0,0,-0.263341689,0,0,0,2.851749858
,,,,,,,
0.208658665,0,0,-0.262880443,0,0,0,2.851750525
,,,,,,,
0.209209215,0,0,-0.262419197,0,0,0,2.851751192
,,,,,,,
0.209759766,0,0,-0.261957951,0,0,0,2.851751858
,,,,,,,
0.210310316,0,0,-0.261496704,0,0,0,2.851752525
,,,,,,,
0.210860867,0,0,-0.261035458,0,0,0,2.851753192
,,,,,,,
0.211411418,0,0,-0.260574212,0,0,0,2.851753859
,,,,,,,
0.211961968,0,0,-0.260112966,0,0,0,2.851754526
,,,,,,,
0.212512519,0,0,-0.25965172,0,0,0,2.851755193
,,,,,,,
0.213063069,0,0,-0.259190474,0,0,0,2.851755859
,,,,,,,
0.21361362,0,0,-0.258729228,0,0,0,2.851756526
,,,,,,,
0.21416417,0,0,-0.258267982,0,0,0,2.851757193
,,,,,,,
0.214714721,0,0,-0.257806736,0,0,0,2.85175786
,,,,,,,
0.215265271,0,0,-0.25734549,0,0,0,2.851758527
,,,,,,,
0.215815822,0,0,-0.256884244,0,0,0,2.851759193
,,,,,,,
0.216366372,0,0,-0.256422998,0,0,0,2.85175986
,,,,,,,
0.216916923,0,0,-0.255961752,0,0,0,2.851760527
,,,,,,,
0.217467474,0,0,-0.255500506,0,0,0,2.851761194
,,,,,,,
0.218018024,0,0,-0.25503926,0,0,0,2.851761861
,,,,,,,
0.218568575,0,0,-0.254578014,0,0,0,2.851762528
,,,,,,,
0.219119125,0,0,-0.254116768,0,0,0,2.851763194
,,,,,,,
0.219669676,0,0,-0.253655521,0,0,0,2.851763861
,,,,,,,
0.220220226,0,0,-0.253194275,0,0,0,2.851764528
,,,,,,,
0.220770777,0,0,-0.252733029,0,0,0,2.851765195
,,,,,,,
0.221321327,0,0,-0.252271783,0,0,0,2.851765862
,,,,,,,
0.221871878,0,0,-0.251810537,0,0,0,2.851766528
,,,,,,,
0.222422428,0,0,-0.251349291,0,0,0,2.851767195
,,,,,,,
0.222972979,0,0,-0.250888045,0,0,0,2.851767862
,,,,,,,
0.223523529,0,0,-0.250426799,0,0,0,2.851768529
,,,,,,,
0.22407408,0,0,-0.249965553,0,0,0,2.851769196
,,,,,,,
0.224624631,0,0,-0.249504307,0,0,0,2.851769863
,,,,,,,
0.225175181,0,0,-0.249043061,0,0,0,2.851770529
,,,,,,,
0.225725732,0,0,-0.248581815,0,0,0,2.851771196
,,,,,,,
0.226276282,0,0,-0.248120569,0,0,0,2.851771863
,,,,,,,
0.226826833,0,0,-0.247659323,0,0,0,2.85177253
,,,,,,,
0.227377383,0,0,-0.247198077,0,0,0,2.851773197
,,,,,,,
0.227927934,0,0,-0.246736831,0,0,0,2.851773863
,,,,,,,
0.228478484,0,0,-0.246275585,0,0,0,2.85177453
,,,,,,,
0.229029035,0,0,-0.245814339,0,0,0,2.851775197
,,,,,,,
0.229579585,0,0,-0.245353092,0,0,0,2.851775864
,,,,,,,
0.230130136,0,0,-0.244891846,0,0,0,2.851776531
,,,,,,,
0.230680686,0,0,-0.2444306,0,0,0,2.851777198
,,,,,,,
0.231231237,0,0,-0.243969354,0,0,0,2.851777864
,,,,,,,
0.231781788,0,0,-0.243508108,0,0,0,2.851778531
,,,,,,,
0.232332338,0,0,-0.243046862,0,0,0,2.851779198
,,,,,,,
0.232882889,0,0,-0.242585616,0,0,0,2.851779865
,,,,,,,
0.233433439,0,0,-0.24212437,0,0,0,2.851780532
,,,,,,,
0.23398399,0,0,-0.241663124,0,0,0,2.851781198
,,,,,,,
0.23453454,0,0,-0.241201878,0,0,0,2.851781865
,,,,,,,
0.235085091,0,0,-0.240740632,0,0,0,2.851782532
,,,,,,,
0.235635641,0,0,-0.240279386,0,0,0,2.851783199
,,,,,,,
0.236186192,0,0,-0.23981814,0,0,0,2.851783866
,,,,,,,
0.236736742,0,0,-0.239356894,0,0,0,2.851784533
,,,,,,,
0.237287293,0,0,-0.238895648,0,0,0,2.851785199
,,,,,,,
0.237837844,0,0,-0.238434402,0,0,0,2.851785866
,,,,,,,
0.238388394,0,0,-0.237973156,0,0,0,2.851786533
,,,,,,,
0.238938945,0,0,-0.237511909,0,0,0,2.8517872
,,,,,,,
0.239489495,0,0,-0.237050663,0,0,0,2.851787867
,,,,,,,
0.240040046,0,0,-0.236589417,0,0,0,2.851788534
,,,,,,,
0.240590596,0,0,-0.236128171,0,0,0,2.8517892
,,,,,,,
0.241141147,0,0,-0.235666925,0,0,0,2.851789867
,,,,,,,
0.241691697,0,0,-0.235205679,0,0,0,2.851790534
,,,,,,,
0.242242248,0,0,-0.234744433,0,0,0,2.851791201
,,,,,,,
0.242792798,0,0,-0.234283187,0,0,0,2.851791868
,,,,,,,
0.243343349,0,0,-0.233821941,0,0,0,2.851792534
,,,,,,,
0.243893899,0,0,-0.233360695,0,0,0,2.851793201
,,,,,,,
0.24444445,0,0,-0.232899449,0,0,0,2.851793868
,,,,,,,
0.244995001,0,0,-0.232438203,0,0,0,2.851794535
,,,,,,,
0.245545551,0,0,-0.231976957,0,0,0,2.851795202
,,,,,,,
0.246096102,0,0,-0.231515711,0,0,0,2.851795869
,,,,,,,
0.246646652,0,0,-0.231054465,0,0,0,2.851796535
,,,,,,,
0.247197203,0,0,-0.230593219,0,0,0,2.851797202
,,,,,,,
0.247747753,0,0,-0.230131973,0,0,0,2.851797869
,,,,,,,
0.248298304,0,0,-0.229670727,0,0,0,2.851798536
,,,,,,,
0.248848854,0,0,-0.22920948,0,0,0,2.851799203
,,,,,,,
0.249399405,0,0,-0.228748234,0,0,0,2.851799869
,,,,,,,
0.249949955,0,0,-0.228286988,0,0,0,2.851800536
,,,,,,,
0.250500506,0,0,-0.227825742,0,0,0,2.851801203
,,,,,,,
0.251051056,0,0,-0.227364496,0,0,0,2.85180187
,,,,,,,
0.251601607,0,0,-0.22690325,0,0,0,2.851802537
,,,,,,,
0.252152158,0,0,-0.226442004,0,0,0,2.851803204
,,,,,,,
0.252702708,0,0,-0.225980758,0,0,0,2.85180387
,,,,,,,
0.253253259,0,0,-0.225519512,0,0,0,2.851804537
,,,,,,,
0.253803809,0,0,-0.225058266,0,0,0,2.851805204
,,,,,,,
0.25435436,0,0,-0.22459702,0,0,0,2.851805871
,,,,,,,
0.25490491,0,0,-0.224135774,0,0,0,2.851806538
,,,,,,,
0.255455461,0,0,-0.223674528,0,0,0,2.851807204
,,,,,,,
0.256006011,0,0,-0.223213282,0,0,0,2.851807871
,,,,,,,
0.256556562,0,0,-0.222752036,0,0,0,2.851808538
,,,,,,,
0.257107112,0,0,-0.22229079,0,0,0,2.851809205
,,,,,,,
0.257657663,0,0,-0.221829544,0,0,0,2.851809872
,,,,,,,
0.258208214,0,0,-0.221368297,0,0,0,2.851810539
,,,,,,,
0.258758764,0,0,-0.220907051,0,0,0,2.851811205
,,,,,,,
0.259309315,0,0,-0.220445805,0,0,0,2.851811872
,,,,,,,
0.259859865,0,0,-0.219984559,0,0,0,2.851812539
,,,,,,,
0.260410416,0,0,-0.219523313,0,0,0,2.851813206
,,,,,,,
0.260960966,0,0,-0.219062067,0,0,0,2.851813873
,,,,,,,
0.261511517,0,0,-0.218600821,0,0,0,2.851814539
,,,,,,,
0.262062067,0,0,-0.218139575,0,0,0,2.851815206
,,,,,,,
0.262612618,0,0,-0.217678329,0,0,0,2.851815873
,,,,,,,
0.263163168,0,0,-0.217217083,0,0,0,2.85181654
,,,,,,,
0.263713719,0,0,-0.216755837,0,0,0,2.851817207
,,,,,,,
0.264264269,0,0,-0.216294591,0,0,0,2.851817874
,,,,,,,
0.26481482,0,0,-0.215833345,0,0,0,2.85181854
,,,,,,,
0.265365371,0,0,-0.215372099,0,0,0,2.851819207
,,,,,,,
0.265915921,0,0,-0.214910853,0,0,0,2.851819874
,,,,,,,
0.266466472,0,0,-0.214449607,0,0,0,2.851820541
,,,,,,,
0.267017022,0,0,-0.213988361,0,0,0,2.851821208
,,,,,,,
0.267567573,0,0,-0.213527114,0,0,0,2.851821874
,,,,,,,
0.268118123,0,0,-0.213065868,0,0,0,2.851822541
,,,,,,,
0.268668674,0,0,-0.212604622,0,0,0,2.851823208
,,,,,,,
0.269219224,0,0,-0.212143376,0,0,0,2.851823875
,,,,,,,
0.269769775,0,0,-0.21168213,0,0,0,2.851824542
,,,,,,,
0.270320325,0,0,-0.211220884,0,0,0,2.851825209
,,,,,,,
0.270870876,0,0,-0.210759638,0,0,0,2.851825875
,,,,,,,
0.271421426,0,0,-0.210298392,0,0,0,2.851826542
,,,,,,,
0.271971977,0,0,-0.209837146,0,0,0,2.851827209
,,,,,,,
0.272522528,0,0,-0.2093759,0,0,0,2.851827876
,,,,,,,
0.273073078,0,0,-0.208914654,0,0,0,2.851828543
,,,,,,,
0.273623629,0,0,-0.208453408,0,0,0,2.851829209
,,,,,,,
0.274174179,0,0,-0.207992162,0,0,0,2.851829876
,,,,,,,
0.27472473,0,0,-0.207530916,0,0,0,2.851830543
,,,,,,,
0.27527528,0,0,-0.20706967,0,0,0,2.85183121
,,,,,,,
0.275825831,0,0,-0.206608424,0,0,0,2.851831877
,,,,,,,
0.276376381,0,0,-0.206147178,0,0,0,2.851832544
,,,,,,,
0.276926932,0,0,-0.205685932,0,0,0,2.85183321
,,,,,,,
0.277477482,0,0,-0.205224685,0,0,0,2.851833877
,,,,,,,
0.278028033,0,0,-0.204763439,0,0,0,2.851834544
,,,,,,,
0.278578584,0,0,-0.204302193,0,0,0,2.851835211
,,,,,,,
0.279129134,0,0,-0.203840947,0,0,0,2.851835878
,,,,,,,
0.279679685,0,0,-0.203379701,0,0,0,2.851836544
,,,,,,,
0.280230235,0,0,-0.202918455,0,0,0,2.851837211
,,,,,,,
0.280780786,0,0,-0.202457209,0,0,0,2.851837878
,,,,,,,
0.281331336,0,0,-0.201995963,0,0,0,2.851838545
,,,,,,,
0.281881887,0,0,-0.201534717,0,0,0,2.851839212
,,,,,,,
0.282432437,0,0,-0.201073471,0,0,0,2.851839879
,,,,,,,
0.282982988,0,0,-0.200612225,0,0,0,2.851840545
,,,,,,,
0.283533538,0,0,-0.200150979,0,0,0,2.851841212
,,,,,,,
0.284084089,0,0,-0.199689733,0,0,0,2.851841879
,,,,,,,
0.284634639,0,0,-0.199228487,0,0,0,2.851842546
,,,,,,,
0.28518519,0,0,-0.198767241,0,0,0,2.851843213
,,,,,,,
0.285735741,0,0,-0.198305995,0,0,0,2.851843879
,,,,,,,
0.286286291,0,0,-0.197844749,0,0,0,2.851844546
,,,,,,,
0.286836842,0,0,-0.197383502,0,0,0,2.851845213
,,,,,,,
0.287387392,0,0,-0.196922256,0,0,0,2.85184588
,,,,,,,
0.287937943,0,0,-0.19646101,0,0,0,2.851846547
,,,,,,,
0.288488493,0,0,-0.195999764,0,0,0,2.851847214
,,,,,,,
0.289039044,0,0,-0.195538518,0,0,0,2.85184788
,,,,,,,
0.289589594,0,0,-0.195077272,0,0,0,2.851848547
,,,,,,,
0.290140145,0,0,-0.194616026,0,0,0,2.851849214
,,,,,,,
0.290690695,0,0,-0.19415478,0,0,0,2.851849881
,,,,,,,
0.291241246,0,0,-0.193693534,0,0,0,2.851850548
,,,,,,,
0.291791796,0,0,-0.193232288,0,0,0,2.851851214
,,,,,,,
0.292342347,0,0,-0.192771042,0,0,0,2.851851881
,,,,,,,
0.292892898,0,0,-0.192309796,0,0,0,2.851852548
,,,,,,,
0.293443448,0,0,-0.19184855,0,0,0,2.851853215
,,,,,,,
0.293993999,0,0,-0.191387304,0,0,0,2.851853882
,,,,,,,
0.294544549,0,0,-0.190926058,0,0,0,2.851854549
,,,,,,,
0.2950951,0,0,-0.190464812,0,0,0,2.851855215
,,,,,,,
0.29564565,0,0,-0.190003566,0,0,0,2.851855882
,,,,,,,
0.296196201,0,0,-0.189542319,0,0,0,2.851856549
,,,,,,,
0.296746751,0,0,-0.189081073,0,0,0,2.851857216
,,,,,,,
0.297297302,0,0,-0.188619827,0,0,0,2.851857883
,,,,,,,
0.297847852,0,0,-0.188158581,0,0,0,2.851858549
,,,,,,,
0.298398403,0,0,-0.187697335,0,0,0,2.851859216
,,,,,,,
0.298948954,0,0,-0.187236089,0,0,0,2.851859883
,,,,,,,
0.299499504,0,0,-0.186774843,0,0,0,2.85186055
,,,,,,,
0.300050055,0,0,-0.186313597,0,0,0,2.851861217
,,,,,,,
0.300600605,0,0,-0.185852351,0,0,0,2.851861884
,,,,,,,
0.301151156,0,0,-0.185391105,0,0,0,2.85186255
,,,,,,,
0.301701706,0,0,-0.184929859,0,0,0,2.851863217
,,,,,,,
0.302252257,0,0,-0.184468613,0,0,0,2.851863884
,,,,,,,
0.302802807,0,0,-0.184007367,0,0,0,2.851864551
,,,,,,,
0.303353358,0,0,-0.183546121,0,0,0,2.851865218
,,,,,,,
0.303903908,0,0,-0.183084875,0,0,0,2.851865884
,,,,,,,
0.304454459,0,0,-0.182623629,0,0,0,2.851866551
,,,,,,,
0.305005009,0,0,-0.182162383,0,0,0,2.851867218
,,,,,,,
0.30555556,0,0,-0.181701137,0,0,0,2.851867885
,,,,,,,
0.306106111,0,0,-0.18123989,0,0,0,2.851868552
,,,,,,,
0.306656661,0,0,-0.180778644,0,0,0,2.851869219
,,,,,,,
0.307207212,0,0,-0.180317398,0,0,0,2.851869885
,,,,,,,
0.307757762,0,0,-0.179856152,0,0,0,2.851870552
,,,,,,,
0.308308313,0,0,-0.179394906,0,0,0,2.851871219
,,,,,,,
0.308858863,0,0,-0.17893366,0,0,0,2.851871886
,,,,,,,
0.309409414,0,0,-0.178472414,0,0,0,2.851872553
,,,,,,,
0.309959964,0,0,-0.178011168,0,0,0,2.851873219
,,,,,,,
0.310510515,0,0,-0.177549922,0,0,0,2.851873886
,,,,,,,
0.311061065,0,0,-0.177088676,0,0,0,2.851874553
,,,,,,,
0.311611616,0,0,-0.17662743,0,0,0,2.85187522
,,,,,,,
0.312162166,0,0,-0.176166184,0,0,0,2.851875887
,,,,,,,
0.312712717,0,0,-0.175704938,0,0,0,2.851876554
,,,,,,,
0.313263268,0,0,-0.175243692,0,0,0,2.85187722
,,,,,,,
0.313813818,0,0,-0.174782446,0,0,0,2.851877887
,,,,,,,
0.314364369,0,0,-0.1743212,0,0,0,2.851878554
,,,,,,,
0.314914919,0,0,-0.173859954,0,0,0,2.851879221
,,,,,,,
0.31546547,0,0,-0.173398707,0,0,0,2.851879888
,,,,,,,
0.31601602,0,0,-0.172937461,0,0,0,2.851880554
,,,,,,,
0.316566571,0,0,-0.172476215,0,0,0,2.851881221
,,,,,,,
0.317117121,0,0,-0.172014969,0,0,0,2.851881888
,,,,,,,
0.317667672,0,0,-0.171553723,0,0,0,2.851882555
,,,,,,,
0.318218222,0,0,-0.171092477,0,0,0,2.851883222
,,,,,,,
0.318768773,0,0,-0.170631231,0,0,0,2.851883889
,,,,,,,
0.319319324,0,0,-0.170169985,0,0,0,2.851884555
,,,,,,,
0.319869874,0,0,-0.169708739,0,0,0,2.851885222
,,,,,,,
0.320420425,0,0,-0.169247493,0,0,0,2.851885889
,,,,,,,
0.320970975,0,0,-0.168786247,0,0,0,2.851886556
,,,,,,,
0.321521526,0,0,-0.168325001,0,0,0,2.851887223
,,,,,,,
0.322072076,0,0,-0.167863755,0,0,0,2.851887889
,,,,,,,
0.322622627,0,0,-0.167402509,0,0,0,2.851888556
,,,,,,,
0.323173177,0,0,-0.166941263,0,0,0,2.851889223
,,,,,,,
0.323723728,0,0,-0.166480017,0,0,0,2.85188989
,,,,,,,
0.324274278,0,0,-0.166018771,0,0,0,2.851890557
,,,,,,,
0.324824829,0,0,-0.165557524,0,0,0,2.851891224
,,,,,,,
0.325375379,0,0,-0.165096278,0,0,0,2.85189189
,,,,,,,
0.32592593,0,0,-0.164635032,0,0,0,2.851892557
,,,,,,,
0.326476481,0,0,-0.164173786,0,0,0,2.851893224
,,,,,,,
0.327027031,0,0,-0.16371254,0,0,0,2.851893891
,,,,,,,
0.327577582,0,0,-0.163251294,0,0,0,2.851894558
,,,,,,,
0.328128132,0,0,-0.162790048,0,0,0,2.851895224
,,,,,,,
0.328678683,0,0,-0.162328802,0,0,0,2.851895891
,,,,,,,
0.329229233,0,0,-0.161867556,0,0,0,2.851896558
,,,,,,,
0.329779784,0,0,-0.16140631,0,0,0,2.851897225
,,,,,,,
0.330330334,0,0,-0.160945064,0,0,0,2.851897892
,,,,,,,
0.330880885,0,0,-0.160483818,0,0,0,2.851898559
,,,,,,,
0.331431435,0,0,-0.160022572,0,0,0,2.851899225
,,,,,,,
0.331981986,0,0,-0.159561326,0,0,0,2.851899892
,,,,,,,
0.332532536,0,0,-0.15910008,0,0,0,2.851900559
,,,,,,,
0.333083087,0,0,-0.158638834,0,0,0,2.851901226
,,,,,,,
0.333633638,0,0,-0.158177588,0,0,0,2.851901893
,,,,,,,
0.334184188,0,0,-0.157716342,0,0,0,2.851902559
,,,,,,,
0.334734739,0,0,-0.157255095,0,0,0,2.851903226
,,,,,,,
0.335285289,0,0,-0.156793849,0,0,0,2.851903893
,,,,,,,
0.33583584,0,0,-0.156332603,0,0,0,2.85190456
,,,,,,,
0.33638639,0,0,-0.155871357,0,0,0,2.851905227
,,,,,,,
0.336936941,0,0,-0.155410111,0,0,0,2.851905894
,,,,,,,
0.337487491,0,0,-0.154948865,0,0,0,2.85190656
,,,,,,,
0.338038042,0,0,-0.154487619,0,0,0,2.851907227
,,,,,,,
0.338588592,0,0,-0.154026373,0,0,0,2.851907894
,,,,,,,
0.339139143,0,0,-0.153565127,0,0,0,2.851908561
,,,,,,,
0.339689694,0,0,-0.153103881,0,0,0,2.851909228
,,,,,,,
0.340240244,0,0,-0.152642635,0,0,0,2.851909894
,,,,,,,
0.340790795,0,0,-0.152181389,0,0,0,2.851910561
,,,,,,,
0.341341345,0,0,-0.151720143,0,0,0,2.851911228
,,,,,,,
0.341891896,0,0,-0.151258897,0,0,0,2.851911895
,,,,,,,
0.342442446,0,0,-0.150797651,0,0,0,2.851912562
,,,,,,,
0.342992997,0,0,-0.150336405,0,0,0,2.851913229
,,,,,,,
0.343543547,0,0,-0.149875159,0,0,0,2.851913895
,,,,,,,
0.344094098,0,0,-0.149413912,0,0,0,2.851914562
,,,,,,,
0.344644648,0,0,-0.148952666,0,0,0,2.851915229
,,,,,,,
0.345195199,0,0,-0.14849142,0,0,0,2.851915896
,,,,,,,
0.345745749,0,0,-0.148030174,0,0,0,2.851916563
,,,,,,,
0.3462963,0,0,-0.147568928,0,0,0,2.851917229
,,,,,,,
0.346846851,0,0,-0.147107682,0,0,0,2.851917896
,,,,,,,
0.347397401,0,0,-0.146646436,0,0,0,2.851918563
,,,,,,,
0.347947952,0,0,-0.14618519,0,0,0,2.85191923
,,,,,,,
0.348498502,0,0,-0.145723944,0,0,0,2.851919897
,,,,,,,
0.349049053,0,0,-0.145262698,0,0,0,2.851920564
,,,,,,,
0.349599603,0,0,-0.144801452,0,0,0,2.85192123
,,,,,,,
0.350150154,0,0,-0.144340206,0,0,0,2.851921897
,,,,,,,
0.350700704,0,0,-0.14387896,0,0,0,2.851922564
,,,,,,,
0.351251255,0,0,-0.143417714,0,0,0,2.851923231
,,,,,,,
0.351801805,0,0,-0.142956468,0,0,0,2.851923898
,,,,,,,
0.352352356,0,0,-0.142495222,0,0,0,2.851924564
,,,,,,,
0.352902906,0,0,-0.142033976,0,0,0,2.851925231
,,,,,,,
0.353453457,0,0,-0.14157273,0,0,0,2.851925898
,,,,,,,
0.354004008,0,0,-0.141111483,0,0,0,2.851926565
,,,,,,,
0.354554558,0,0,-0.140650237,0,0,0,2.851927232
,,,,,,,
0.355105109,0,0,-0.140188991,0,0,0,2.851927899
,,,,,,,
0.355655659,0,0,-0.139727745,0,0,0,2.851928565
,,,,,,,
0.35620621,0,0,-0.139266499,0,0,0,2.851929232
,,,,,,,
0.35675676,0,0,-0.138805253,0,0,0,2.851929899
,,,,,,,
0.357307311,0,0,-0.138344007,0,0,0,2.851930566
,,,,,,,
0.357857861,0,0,-0.137882761,0,0,0,2.851931233
,,,,,,,
0.358408412,0,0,-0.137421515,0,0,0,2.851931899
,,,,,,,
0.358958962,0,0,-0.136960269,0,0,0,2.851932566
,,,,,,,
0.359509513,0,0,-0.136499023,0,0,0,2.851933233
,,,,,,,
0.360060064,0,0,-0.136037777,0,0,0,2.8519339
,,,,,,,
0.360610614,0,0,-0.135576531,0,0,0,2.851934567
,,,,,,,
0.361161165,0,0,-0.135115285,0,0,0,2.851935234
,,,,,,,
0.361711715,0,0,-0.134654039,0,0,0,2.8519359
,,,,,,,
0.362262266,0,0,-0.134192793,0,0,0,2.851936567
,,,,,,,
0.362812816,0,0,-0.133731547,0,0,0,2.851937234
,,,,,,,
0.363363367,0,0,-0.1332703,0,0,0,2.851937901
,,,,,,,
0.363913917,0,0,-0.132809054,0,0,0,2.851938568
,,,,,,,
0.364464468,0,0,-0.132347808,0,0,0,2.851939234
,,,,,,,
0.365015018,0,0,-0.131886562,0,0,0,2.851939901
,,,,,,,
0.365565569,0,0,-0.131425316,0,0,0,2.851940568
,,,,,,,
0.366116119,0,0,-0.13096407,0,0,0,2.851941235
,,,,,,,
0.36666667,0,0,-0.130502824,0,0,0,2.851941902
,,,,,,,
0.367217221,0,0,-0.130041578,0,0,0,2.851942569
,,,,,,,
0.367767771,0,0,-0.129580332,0,0,0,2.851943235
,,,,,,,
0.368318322,0,0,-0.129119086,0,0,0,2.851943902
,,,,,,,
0.368868872,0,0,-0.12865784,0,0,0,2.851944569
,,,,,,,
0.369419423,0,0,-0.128196594,0,0,0,2.851945236
,,,,,,,
0.369969973,0,0,-0.127735348,0,0,0,2.851945903
,,,,,,,
0.370520524,0,0,-0.127274102,0,0,0,2.851946569
,,,,,,,
0.371071074,0,0,-0.126812856,0,0,0,2.851947236
,,,,,,,
0.371621625,0,0,-0.12635161,0,0,0,2.851947903
,,,,,,,
0.372172175,0,0,-0.125890364,0,0,0,2.85194857
,,,,,,,
0.372722726,0,0,-0.125429117,0,0,0,2.851949237
,,,,,,,
0.373273276,0,0,-0.124967871,0,0,0,2.851949904
,,,,,,,
0.373823827,0,0,-0.124506625,0,0,0,2.85195057
,,,,,,,
0.374374378,0,0,-0.124045379,0,0,0,2.851951237
,,,,,,,
0.374924928,0,0,-0.123584133,0,0,0,2.851951904
,,,,,,,
0.375475479,0,0,-0.123122887,0,0,0,2.851952571
,,,,,,,
0.376026029,0,0,-0.122661641,0,0,0,2.851953238
,,,,,,,
0.37657658,0,0,-0.122200395,0,0,0,2.851953904
,,,,,,,
0.37712713,0,0,-0.121739149,0,0,0,2.851954571
,,,,,,,
0.377677681,0,0,-0.121277903,0,0,0,2.851955238
,,,,,,,
0.378228231,0,0,-0.120816657,0,0,0,2.851955905
,,,,,,,
0.378778782,0,0,-0.120355411,0,0,0,2.851956572
,,,,,,,
0.379329332,0,0,-0.119894165,0,0,0,2.851957239
,,,,,,,
0.379879883,0,0,-0.119432919,0,0,0,2.851957905
,,,,,,,
0.380430434,0,0,-0.118971673,0,0,0,2.851958572
,,,,,,,
0.380980984,0,0,-0.118510427,0,0,0,2.851959239
,,,,,,,
0.381531535,0,0,-0.118049181,0,0,0,2.851959906
,,,,,,,
0.382082085,0,0,-0.117587935,0,0,0,2.851960573
,,,,,,,
0.382632636,0,0,-0.117126688,0,0,0,2.851961239
,,,,,,,
0.383183186,0,0,-0.116665442,0,0,0,2.851961906
,,,,,,,
0.383733737,0,0,-0.116204196,0,0,0,2.851962573
,,,,,,,
0.384284287,0,0,-0.11574295,0,0,0,2.85196324
,,,,,,,
0.384834838,0,0,-0.115281704,0,0,0,2.851963907
,,,,,,,
0.385385388,0,0,-0.114820458,0,0,0,2.851964574
,,,,,,,
0.385935939,0,0,-0.114359212,0,0,0,2.85196524
,,,,,,,
0.386486489,0,0,-0.113897966,0,0,0,2.851965907
,,,,,,,
0.38703704,0,0,-0.11343672,0,0,0,2.851966574
,,,,,,,
0.387587591,0,0,-0.112975474,0,0,0,2.851967241
,,,,,,,
0.388138141,0,0,-0.112514228,0,0,0,2.851967908
,,,,,,,
0.388688692,0,0,-0.112052982,0,0,0,2.851968574
,,,,,,,
0.389239242,0,0,-0.111591736,0,0,0,2.851969241
,,,,,,,
0.389789793,0,0,-0.11113049,0,0,0,2.851969908
,,,,,,,
0.390340343,0,0,-0.110669244,0,0,0,2.851970575
,,,,,,,
0.390890894,0,0,-0.110207998,0,0,0,2.851971242
,,,,,,,
0.391441444,0,0,-0.109746752,0,0,0,2.851971909
,,,,,,,
0.391991995,0,0,-0.109285505,0,0,0,2.851972575
,,,,,,,
0.392542545,0,0,-0.108824259,0,0,0,2.851973242
,,,,,,,
0.393093096,0,0,-0.108363013,0,0,0,2.851973909
,,,,,,,
0.393643646,0,0,-0.107901767,0,0,0,2.851974576
,,,,,,,
0.394194197,0,0,-0.107440521,0,0,0,2.851975243
,,,,,,,
0.394744748,0,0,-0.106979275,0,0,0,2.851975909
,,,,,,,
0.395295298,0,0,-0.106518029,0,0,0,2.851976576
,,,,,,,
0.395845849,0,0,-0.106056783,0,0,0,2.851977243
,,,,,,,
0.396396399,0,0,-0.105595537,0,0,0,2.85197791
,,,,,,,
0.39694695,0,0,-0.105134291,0,0,0,2.851978577
,,,,,,,
0.3974975,0,0,-0.104673045,0,0,0,2.851979244
,,,,,,,
0.398048051,0,0,-0.104211799,0,0,0,2.85197991
,,,,,,,
0.398598601,0,0,-0.103750553,0,0,0,2.851980577
,,,,,,,
0.399149152,0,0,-0.103289307,0,0,0,2.851981244
,,,,,,,
0.399699702,0,0,-0.102828061,0,0,0,2.851981911
,,,,,,,
0.400250253,0,0,-0.102366815,0,0,0,2.851982578
,,,,,,,
0.400800804,0,0,-0.101905569,0,0,0,2.851983244
,,,,,,,
0.401351354,0,0,-0.101444322,0,0,0,2.851983911
,,,,,,,
0.401901905,0,0,-0.100983076,0,0,0,2.851984578
,,,,,,,
0.402452455,0,0,-0.10052183,0,0,0,2.851985245
,,,,,,,
0.403003006,0,0,-0.100060584,0,0,0,2.851985912
,,,,,,,
0.403553556,0,0,-0.099599338,0,0,0,2.851986579
,,,,,,,
0.404104107,0,0,-0.099138092,0,0,0,2.851987245
,,,,,,,
0.404654657,0,0,-0.098676846,0,0,0,2.851987912
,,,,,,,
0.405205208,0,0,-0.0982156,0,0,0,2.851988579
,,,,,,,
0.405755758,0,0,-0.097754354,0,0,0,2.851989246
,,,,,,,
0.406306309,0,0,-0.097293108,0,0,0,2.851989913
,,,,,,,
0.406856859,0,0,-0.096831862,0,0,0,2.851990579
,,,,,,,
0.40740741,0,0,-0.096370616,0,0,0,2.851991246
,,,,,,,
0.407957961,0,0,-0.09590937,0,0,0,2.851991913
,,,,,,,
0.408508511,0,0,-0.095448124,0,0,0,2.85199258
,,,,,,,
0.409059062,0,0,-0.094986878,0,0,0,2.851993247
,,,,,,,
0.409609612,0,0,-0.094525632,0,0,0,2.851993914
,,,,,,,
0.410160163,0,0,-0.094064386,0,0,0,2.85199458
,,,,,,,
0.410710713,0,0,-0.09360314,0,0,0,2.851995247
,,,,,,,
0.411261264,0,0,-0.093141893,0,0,0,2.851995914
,,,,,,,
0.411811814,0,0,-0.092680647,0,0,0,2.851996581
,,,,,,,
0.412362365,0,0,-0.092219401,0,0,0,2.851997248
,,,,,,,
0.412912915,0,0,-0.091758155,0,0,0,2.851997914
,,,,,,,
0.413463466,0,0,-0.091296909,0,0,0,2.851998581
,,,,,,,
0.414014016,0,0,-0.090835663,0,0,0,2.851999248
,,,,,,,
0.414564567,0,0,-0.090374417,0,0,0,2.851999915
,,,,,,,
0.415115118,0,0,-0.089913171,0,0,0,2.852000582
,,,,,,,
0.415665668,0,0,-0.089451925,0,0,0,2.852001249
,,,,,,,
0.416216219,0,0,-0.088990679,0,0,0,2.852001915
,,,,,,,
0.416766769,0,0,-0.088529433,0,0,0,2.852002582
,,,,,,,
0.41731732,0,0,-0.088068187,0,0,0,2.852003249
,,,,,,,
0.41786787,0,0,-0.087606941,0,0,0,2.852003916
,,,,,,,
0.418418421,0,0,-0.087145695,0,0,0,2.852004583
,,,,,,,
0.418968971,0,0,-0.086684449,0,0,0,2.852005249
,,,,,,,
0.419519522,0,0,-0.086223203,0,0,0,2.852005916
,,,,,,,
0.420070072,0,0,-0.085761957,0,0,0,2.852006583
,,,,,,,
0.420620623,0,0,-0.08530071,0,0,0,2.85200725
,,,,,,,
0.421171174,0,0,-0.084839464,0,0,0,2.852007917
,,,,,,,
0.421721724,0,0,-0.084378218,0,0,0,2.852008584
,,,,,,,
0.422272275,0,0,-0.083916972,0,0,0,2.85200925
,,,,,,,
0.422822825,0,0,-0.083455726,0,0,0,2.852009917
,,,,,,,
0.423373376,0,0,-0.08299448,0,0,0,2.852010584
,,,,,,,
0.423923926,0,0,-0.082533234,0,0,0,2.852011251
,,,,,,,
0.424474477,0,0,-0.082071988,0,0,0,2.852011918
,,,,,,,
0.425025027,0,0,-0.081610742,0,0,0,2.852012584
,,,,,,,
0.425575578,0,0,-0.081149496,0,0,0,2.852013251
,,,,,,,
0.426126128,0,0,-0.08068825,0,0,0,2.852013918
,,,,,,,
0.426676679,0,0,-0.080227004,0,0,0,2.852014585
,,,,,,,
0.427227229,0,0,-0.079765758,0,0,0,2.852015252
,,,,,,,
0.42777778,0,0,-0.079304512,0,0,0,2.852015919
,,,,,,,
0.428328331,0,0,-0.078843266,0,0,0,2.852016585
,,,,,,,
0.428878881,0,0,-0.07838202,0,0,0,2.852017252
,,,,,,,
0.429429432,0,0,-0.077920774,0,0,0,2.852017919
,,,,,,,
0.429979982,0,0,-0.077459527,0,0,0,2.852018586
,,,,,,,
0.430530533,0,0,-0.076998281,0,0,0,2.852019253
,,,,,,,
0.431081083,0,0,-0.076537035,0,0,0,2.852019919
,,,,,,,
0.431631634,0,0,-0.076075789,0,0,0,2.852020586
,,,,,,,
0.432182184,0,0,-0.075614543,0,0,0,2.852021253
,,,,,,,
0.432732735,0,0,-0.075153297,0,0,0,2.85202192
,,,,,,,
0.433283285,0,0,-0.074692051,0,0,0,2.852022587
,,,,,,,
0.433833836,0,0,-0.074230805,0,0,0,2.852023254
,,,,,,,
0.434384386,0,0,-0.073769559,0,0,0,2.85202392
,,,,,,,
0.434934937,0,0,-0.073308313,0,0,0,2.852024587
,,,,,,,
0.435485488,0,0,-0.072847067,0,0,0,2.852025254
,,,,,,,
0.436036038,0,0,-0.072385821,0,0,0,2.852025921
,,,,,,,
0.436586589,0,0,-0.071924575,0,0,0,2.852026588
,,,,,,,
0.437137139,0,0,-0.071463329,0,0,0,2.852027254
,,,,,,,
0.43768769,0,0,-0.071002083,0,0,0,2.852027921
,,,,,,,
0.43823824,0,0,-0.070540837,0,0,0,2.852028588
,,,,,,,
0.438788791,0,0,-0.070079591,0,0,0,2.852029255
,,,,,,,
0.439339341,0,0,-0.069618345,0,0,0,2.852029922
,,,,,,,
0.439889892,0,0,-0.069157098,0,0,0,2.852030589
,,,,,,,
0.440440442,0,0,-0.068695852,0,0,0,2.852031255
,,,,,,,
0.440990993,0,0,-0.068234606,0,0,0,2.852031922
,,,,,,,
0.441541544,0,0,-0.06777336,0,0,0,2.852032589
,,,,,,,
0.442092094,0,0,-0.067312114,0,0,0,2.852033256
,,,,,,,
0.442642645,0,0,-0.066850868,0,0,0,2.852033923
,,,,,,,
0.443193195,0,0,-0.066389622,0,0,0,2.852034589
,,,,,,,
0.443743746,0,0,-0.065928376,0,0,0,2.852035256
,,,,,,,
0.444294296,0,0,-0.06546713,0,0,0,2.852035923
,,,,,,,
0.444844847,0,0,-0.065005884,0,0,0,2.85203659
,,,,,,,
0.445395397,0,0,-0.064544638,0,0,0,2.852037257
,,,,,,,
0.445945948,0,0,-0.064083392,0,0,0,2.852037924
,,,,,,,
0.446496498,0,0,-0.063622146,0,0,0,2.85203859
,,,,,,,
0.447047049,0,0,-0.0631609,0,0,0,2.852039257
,,,,,,,
0.447597599,0,0,-0.062699654,0,0,0,2.852039924
,,,,,,,
0.44814815,0,0,-0.062238408,0,0,0,2.852040591
,,,,,,,
0.448698701,0,0,-0.061777162,0,0,0,2.852041258
,,,,,,,
0.449249251,0,0,-0.061315915,0,0,0,2.852041924
,,,,,,,
0.449799802,0,0,-0.060854669,0,0,0,2.852042591
,,,,,,,
0.450350352,0,0,-0.060393423,0,0,0,2.852043258
,,,,,,,
0.450900903,0,0,-0.059932177,0,0,0,2.852043925
,,,,,,,
0.451451453,0,0,-0.059470931,0,0,0,2.852044592
,,,,,,,
0.452002004,0,0,-0.059009685,0,0,0,2.852045259
,,,,,,,
0.452552554,0,0,-0.058548439,0,0,0,2.852045925
,,,,,,,
0.453103105,0,0,-0.058087193,0,0,0,2.852046592
,,,,,,,
0.453653655,0,0,-0.057625947,0,0,0,2.852047259
,,,,,,,
0.454204206,0,0,-0.057164701,0,0,0,2.852047926
,,,,,,,
0.454754756,0,0,-0.056703455,0,0,0,2.852048593
,,,,,,,
0.455305307,0,0,-0.056242209,0,0,0,2.852049259
,,,,,,,
0.455855858,0,0,-0.055780963,0,0,0,2.852049926
,,,,,,,
0.456406408,0,0,-0.055319717,0,0,0,2.852050593
,,,,,,,
0.456956959,0,0,-0.054858471,0,0,0,2.85205126
,,,,,,,
0.457507509,0,0,-0.054397225,0,0,0,2.852051927
,,,,,,,
0.45805806,0,0,-0.053935979,0,0,0,2.852052594
,,,,,,,
0.45860861,0,0,-0.053474733,0,0,0,2.85205326
,,,,,,,
0.459159161,0,0,-0.053013486,0,0,0,2.852053927
,,,,,,,
0.459709711,0,0,-0.05255224,0,0,0,2.852054594
,,,,,,,
0.460260262,0,0,-0.052090994,0,0,0,2.852055261
,,,,,,,
0.460810812,0,0,-0.051629748,0,0,0,2.852055928
,,,,,,,
0.461361363,0,0,-0.051168502,0,0,0,2.852056594
,,,,,,,
0.461911914,0,0,-0.050707256,0,0,0,2.852057261
,,,,,,,
0.462462464,0,0,-0.05024601,0,0,0,2.852057928
,,,,,,,
0.463013015,0,0,-0.049784764,0,0,0,2.852058595
,,,,,,,
0.463563565,0,0,-0.049323518,0,0,0,2.852059262
,,,,,,,
0.464114116,0,0,-0.048862272,0,0,0,2.852059929
,,,,,,,
0.464664666,0,0,-0.048401026,0,0,0,2.852060595
,,,,,,,
0.465215217,0,0,-0.04793978,0,0,0,2.852061262
,,,,,,,
0.465765767,0,0,-0.047478534,0,0,0,2.852061929
,,,,,,,
0.466316318,0,0,-0.047017288,0,0,0,2.852062596
,,,,,,,
0.466866868,0,0,-0.046556042,0,0,0,2.852063263
,,,,,,,
0.467417419,0,0,-0.046094796,0,0,0,2.852063929
,,,,,,,
0.467967969,0,0,-0.04563355,0,0,0,2.852064596
,,,,,,,
0.46851852,0,0,-0.045172303,0,0,0,2.852065263
,,,,,,,
0.469069071,0,0,-0.044711057,0,0,0,2.85206593
,,,,,,,
0.469619621,0,0,-0.044249811,0,0,0,2.852066597
,,,,,,,
0.470170172,0,0,-0.043788565,0,0,0,2.852067264
,,,,,,,
0.470720722,0,0,-0.043327319,0,0,0,2.85206793
,,,,,,,
0.471271273,0,0,-0.042866073,0,0,0,2.852068597
,,,,,,,
0.471821823,0,0,-0.042404827,0,0,0,2.852069264
,,,,,,,
0.472372374,0,0,-0.041943581,0,0,0,2.852069931
,,,,,,,
0.472922924,0,0,-0.041482335,0,0,0,2.852070598
,,,,,,,
0.473473475,0,0,-0.041021089,0,0,0,2.852071264
,,,,,,,
0.474024025,0,0,-0.040559843,0,0,0,2.852071931
,,,,,,,
0.474574576,0,0,-0.040098597,0,0,0,2.852072598
,,,,,,,
0.475125126,0,0,-0.039637351,0,0,0,2.852073265
,,,,,,,
0.475675677,0,0,-0.039176105,0,0,0,2.852073932
,,,,,,,
0.476226228,0,0,-0.038714859,0,0,0,2.852074599
,,,,,,,
0.476776778,0,0,-0.038253613,0,0,0,2.852075265
,,,,,,,
0.477327329,0,0,-0.037792367,0,0,0,2.852075932
,,,,,,,
0.477877879,0,0,-0.03733112,0,0,0,2.852076599
,,,,,,,
0.47842843,0,0,-0.036869874,0,0,0,2.852077266
,,,,,,,
0.47897898,0,0,-0.036408628,0,0,0,2.852077933
,,,,,,,
0.479529531,0,0,-0.035947382,0,0,0,2.852078599
,,,,,,,
0.480080081,0,0,-0.035486136,0,0,0,2.852079266
,,,,,,,
0.480630632,0,0,-0.03502489,0,0,0,2.852079933
,,,,,,,
0.481181182,0,0,-0.034563644,0,0,0,2.8520806
,,,,,,,
0.481731733,0,0,-0.034102398,0,0,0,2.852081267
,,,,,,,
0.482282284,0,0,-0.033641152,0,0,0,2.852081934
,,,,,,,
0.482832834,0,0,-0.033179906,0,0,0,2.8520826
,,,,,,,
0.483383385,0,0,-0.03271866,0,0,0,2.852083267
,,,,,,,
0.483933935,0,0,-0.032257414,0,0,0,2.852083934
,,,,,,,
0.484484486,0,0,-0.031796168,0,0,0,2.852084601
,,,,,,,
0.485035036,0,0,-0.031334922,0,0,0,2.852085268
,,,,,,,
0.485585587,0,0,-0.030873676,0,0,0,2.852085934
,,,,,,,
0.486136137,0,0,-0.03041243,0,0,0,2.852086601
,,,,,,,
0.486686688,0,0,-0.029951184,0,0,0,2.852087268
,,,,,,,
0.487237238,0,0,-0.029489938,0,0,0,2.852087935
,,,,,,,
0.487787789,0,0,-0.029028691,0,0,0,2.852088602
,,,,,,,
0.488338339,0,0,-0.028567445,0,0,0,2.852089269
,,,,,,,
0.48888889,0,0,-0.028106199,0,0,0,2.852089935
,,,,,,,
0.489439441,0,0,-0.027644953,0,0,0,2.852090602
,,,,,,,
0.489989991,0,0,-0.027183707,0,0,0,2.852091269
,,,,,,,
0.490540542,0,0,-0.026722461,0,0,0,2.852091936
,,,,,,,
0.491091092,0,0,-0.026261215,0,0,0,2.852092603
,,,,,,,
0.491641643,0,0,-0.025799969,0,0,0,2.852093269
,,,,,,,
0.492192193,0,0,-0.025338723,0,0,0,2.852093936
,,,,,,,
0.492742744,0,0,-0.024877477,0,0,0,2.852094603
,,,,,,,
0.493293294,0,0,-0.024416231,0,0,0,2.85209527
,,,,,,,
0.493843845,0,0,-0.023954985,0,0,0,2.852095937
,,,,,,,
0.494394395,0,0,-0.023493739,0,0,0,2.852096604
,,,,,,,
0.494944946,0,0,-0.023032493,0,0,0,2.85209727
,,,,,,,
0.495495496,0,0,-0.022571247,0,0,0,2.852097937
,,,,,,,
0.496046047,0,0,-0.022110001,0,0,0,2.852098604
,,,,,,,
0.496596598,0,0,-0.021648755,0,0,0,2.852099271
,,,,,,,
0.497147148,0,0,-0.021187508,0,0,0,2.852099938
,,,,,,,
0.497697699,0,0,-0.020726262,0,0,0,2.852100604
,,,,,,,
0.498248249,0,0,-0.020265016,0,0,0,2.852101271
,,,,,,,
0.4987988,0,0,-0.01980377,0,0,0,2.852101938
,,,,,,,
0.49934935,0,0,-0.019342524,0,0,0,2.852102605
,,,,,,,
0.499899901,0,0,-0.018881278,0,0,0,2.852103272
,,,,,,,
0.500450451,0,0,-0.018420032,0,0,0,2.852103939
,,,,,,,
0.501001002,0,0,-0.017958786,0,0,0,2.852104605
,,,,,,,
0.501551552,0,0,-0.01749754,0,0,0,2.852105272
,,,,,,,
0.502102103,0,0,-0.017036294,0,0,0,2.852105939
,,,,,,,
0.502652654,0,0,-0.016575048,0,0,0,2.852106606
,,,,,,,
0.503203204,0,0,-0.016113802,0,0,0,2.852107273
,,,,,,,
0.503753755,0,0,-0.015652556,0,0,0,2.852107939
,,,,,,,
0.504304305,0,0,-0.01519131,0,0,0,2.852108606
,,,,,,,
0.504854856,0,0,-0.014730064,0,0,0,2.852109273
,,,,,,,
0.505405406,0,0,-0.014268818,0,0,0,2.85210994
,,,,,,,
0.505955957,0,0,-0.013807572,0,0,0,2.852110607
,,,,,,,
0.506506507,0,0,-0.013346325,0,0,0,2.852111274
,,,,,,,
0.507057058,0,0,-0.012885079,0,0,0,2.85211194
,,,,,,,
0.507607608,0,0,-0.012423833,0,0,0,2.852112607
,,,,,,,
0.508158159,0,0,-0.011962587,0,0,0,2.852113274
,,,,,,,
0.508708709,0,0,-0.011501341,0,0,0,2.852113941
,,,,,,,
0.50925926,0,0,-0.011040095,0,0,0,2.852114608
,,,,,,,
0.509809811,0,0,-0.010578849,0,0,0,2.852115274
,,,,,,,
0.510360361,0,0,-0.010117603,0,0,0,2.852115941
,,,,,,,
0.510910912,0,0,-0.009656357,0,0,0,2.852116608
,,,,,,,
0.511461462,0,0,-0.009195111,0,0,0,2.852117275
,,,,,,,
0.512012013,0,0,-0.008733865,0,0,0,2.852117942
,,,,,,,
0.512562563,0,0,-0.008272619,0,0,0,2.852118609
,,,,,,,
0.513113114,0,0,-0.007811373,0,0,0,2.852119275
,,,,,,,
0.513663664,0,0,-0.007350127,0,0,0,2.852119942
,,,,,,,
0.514214215,0,0,-0.006888881,0,0,0,2.852120609
,,,,,,,
0.514764765,0,0,-0.006427635,0,0,0,2.852121276
,,,,,,,
0.515315316,0,0,-0.005966389,0,0,0,2.852121943
,,,,,,,
0.515865866,0,0,-0.005505143,0,0,0,2.852122609
,,,,,,,
0.516416417,0,0,-0.005043896,0,0,0,2.852123276
,,,,,,,
0.516966968,0,0,-0.00458265,0,0,0,2.852123943
,,,,,,,
0.517517518,0,0,-0.004121404,0,0,0,2.85212461
,,,,,,,
0.518068069,0,0,-0.003660158,0,0,0,2.852125277
,,,,,,,
0.518618619,0,0,-0.003198912,0,0,0,2.852125944
,,,,,,,
0.51916917,0,0,-0.002737666,0,0,0,2.85212661
,,,,,,,
0.51971972,0,0,-0.00227642,0,0,0,2.852127277
,,,,,,,
0.520270271,0,0,-0.001815174,0,0,0,2.852127944
,,,,,,,
0.520820821,0,0,-0.001353928,0,0,0,2.852128611
,,,,,,,
0.521371372,0,0,-0.000892682,0,0,0,2.852129278
,,,,,,,
0.521921922,0,0,-0.000431436,0,0,0,2.852129944
,,,,,,,
0.522472473,0,0,0,0,0,0,2.852130568
,,,,,,,
0.523023024,0,0,0,0,0,0,2.852130568
,,,,,,,
0.523573574,0,0,0,0,0,0,2.852130568
,,,,,,,
0.524124125,0,0,0,0,0,0,2.852130568
,,,,,,,
0.524674675,0,0,0,0,0,0,2.852130568
,,,,,,,
0.525225226,0,0,0,0,0,0,2.852130568
,,,,,,,
0.525775776,0,0,0,0,0,0,2.852130568
,,,,,,,
0.526326327,0,0,0,0,0,0,2.852130568
,,,,,,,
0.526876877,0,0,0,0,0,0,2.852130568
,,,,,,,
0.527427428,0,0,0,0,0,0,2.852130568
,,,,,,,
0.527977978,0,0,0,0,0,0,2.852130568
,,,,,,,
0.528528529,0,0,0,0,0,0,2.852130568
,,,,,,,
0.529079079,0,0,0,0,0,0,2.852130568
,,,,,,,
0.52962963,0,0,0,0,0,0,2.852130568
,,,,,,,
0.530180181,0,0,0,0,0,0,2.852130568
,,,,,,,
0.530730731,0,0,0,0,0,0,2.852130568
,,,,,,,
0.531281282,0,0,0,0,0,0,2.852130568
,,,,,,,
0.531831832,0,0,0,0,0,0,2.852130568
,,,,,,,
0.532382383,0,0,0,0,0,0,2.852130568
,,,,,,,
0.532932933,0,0,0,0,0,0,2.852130568
,,,,,,,
0.533483484,0,0,0,0,0,0,2.852130568
,,,,,,,
0.534034034,0,0,0,0,0,0,2.852130568
,,,,,,,
0.534584585,0,0,0,0,0,0,2.852130568
,,,,,,,
0.535135135,0,0,0,0,0,0,2.852130568
,,,,,,,
0.535685686,0,0,0,0,0,0,2.852130568
,,,,,,,
0.536236236,0,0,0,0,0,0,2.852130568
,,,,,,,
0.536786787,0,0,0,0,0,0,2.852130568
,,,,,,,
0.537337338,0,0,0,0,0,0,2.852130568
,,,,,,,
0.537887888,0,0,0,0,0,0,2.852130568
,,,,,,,
0.538438439,0,0,0,0,0,0,2.852130568
,,,,,,,
0.538988989,0,0,0,0,0,0,2.852130568
,,,,,,,
0.53953954,0,0,0,0,0,0,2.852130568
,,,,,,,
0.54009009,0,0,0,0,0,0,2.852130568
,,,,,,,
0.540640641,0,0,0,0,0,0,2.852130568
,,,,,,,
0.541191191,0,0,0,0,0,0,2.852130568
,,,,,,,
0.541741742,0,0,0,0,0,0,2.852130568
,,,,,,,
0.542292292,0,0,0,0,0,0,2.852130568
,,,,,,,
0.542842843,0,0,0,0,0,0,2.852130568
,,,,,,,
0.543393394,0,0,0,0,0,0,2.852130568
,,,,,,,
0.543943944,0,0,0,0,0,0,2.852130568
,,,,,,,
0.544494495,0,0,0,0,0,0,2.852130568
,,,,,,,
0.545045045,0,0,0,0,0,0,2.852130568
,,,,,,,
0.545595596,0,0,0,0,0,0,2.852130568
,,,,,,,
0.546146146,0,0,0,0,0,0,2.852130568
,,,,,,,
0.546696697,0,0,0,0,0,0,2.852130568
,,,,,,,
0.547247247,0,0,0,0,0,0,2.852130568
,,,,,,,
0.547797798,0,0,0,0,0,0,2.852130568
,,,,,,,
0.548348348,0,0,0,0,0,0,2.852130568
,,,,,,,
0.548898899,0,0,0,0,0,0,2.852130568
,,,,,,,
0.549449449,0,0,0,0,0,0,2.852130568
,,,,,,,
0.55,0,0,0,0,0,0,2.852130568
