alpha,Stiffness (K),Viscosity (D),Mass (M),(K2),(KD),(D2),bias
1e-08,1558.3527226283095,-0.5664087042018439,0.049467306093772784,127144.97218421347,871.6376192782839,-0.01541879187877308,-0.07856348273203961
0.0005505605405405406,0.0,5.365211735818775,-0.46194476289680036,0.0,0.0,0.060693135874869825,2.7785118772005077
0.001101111081081081,0.0,3.477938226525581,-0.4580597803855975,0.0,0.0,0.0593578990049584,2.780289407492312
0.0016516616216216214,0.0,1.5906634870462943,-0.4541747886515768,0.0,0.0,0.05802266066329097,2.7820669396702886
0.002202212162162162,0.0,0.0,-0.4508173244457036,0.0,0.0,0.05685842786472661,2.7836115949923004
0.0027527627027027026,0.0,0.0,-0.45029106725307366,0.0,0.0,0.05661149886110886,2.7839070946506
0.003303313243243243,0.0,0.0,-0.4497648100604436,0.0,0.0,0.056364569857491095,2.784202594308899
0.0038538637837837834,0.0,0.0,-0.4492385528678134,0.0,0.0,0.05611764085387336,2.7844980939671986
0.004404414324324324,0.0,0.0,-0.4487122956751834,0.0,0.0,0.055870711850255605,2.784793593625498
0.004954964864864865,0.0,0.0,-0.4481860384825534,0.0,0.0,0.055623782846637874,2.7850890932837973
0.005505515405405405,0.0,0.0,-0.4476597812899233,0.0,0.0,0.05537685384302009,2.785384592942097
0.006056065945945946,0.0,0.0,-0.4471335240972931,0.0,0.0,0.05512992483940235,2.7856800926003964
0.006606616486486486,0.0,0.0,-0.44660726690466307,0.0,0.0,0.054882995835784584,2.7859755922586955
0.007157167027027026,0.0,0.0,-0.446081009712033,0.0,0.0,0.054636066832166826,2.786271091916995
0.007707717567567567,0.0,0.0,-0.44555475251940274,0.0,0.0,0.054389137828549095,2.7865665915752946
0.008258268108108108,0.0,0.0,-0.4450284953267729,0.0,0.0,0.05414220882493134,2.7868620912335937
0.008808818648648648,0.0,0.0,-0.4445022381341428,0.0,0.0,0.05389527982131357,2.7871575908918933
0.009359369189189188,0.0,0.0,-0.4439759809415126,0.0,0.0,0.05364835081769585,2.787453090550193
0.00990991972972973,0.0,0.0,-0.44344972374888253,0.0,0.0,0.05340142181407804,2.7877485902084924
0.01046047027027027,0.0,0.0,-0.4429234665562525,0.0,0.0,0.05315449281046031,2.7880440898667915
0.01101102081081081,0.0,0.0,-0.4423972093636225,0.0,0.0,0.05290756380684257,2.788339589525091
0.01156157135135135,0.0,0.0,-0.4418709521709923,0.0,0.0,0.05266063480322482,2.7886350891833906
0.012112121891891892,0.0,0.0,-0.4413446949783623,0.0,0.0,0.052413705799607066,2.7889305888416898
0.012662672432432432,0.0,0.0,-0.4408184377857321,0.0,0.0,0.05216677679598928,2.7892260884999893
0.013213222972972971,0.0,0.0,-0.440292180593102,0.0,0.0,0.05191984779237152,2.789521588158289
0.013763773513513513,0.0,0.0,-0.43976592340047194,0.0,0.0,0.05167291878875379,2.789817087816588
0.014314324054054053,0.0,0.0,-0.4392396662078419,0.0,0.0,0.051425989785136024,2.7901125874748876
0.014864874594594594,0.0,0.0,-0.4387134090152117,0.0,0.0,0.05117906078151827,2.790408087133187
0.015415425135135134,0.0,0.0,-0.4381871518225818,0.0,0.0,0.05093213177790051,2.7907035867914862
0.015965975675675675,0.0,0.0,-0.4376608946299515,0.0,0.0,0.050685202774282755,2.790999086449786
0.01651652621621622,0.0,0.0,-0.4371346374373216,0.0,0.0,0.050438273770665024,2.7912945861080853
0.01706707675675676,0.0,0.0,-0.43660838024469123,0.0,0.0,0.05019134476704725,2.791590085766385
0.017617627297297298,0.0,0.0,-0.4360821230520614,0.0,0.0,0.049944415763429506,2.791885585424684
0.018168177837837838,0.0,0.0,-0.43555586585943123,0.0,0.0,0.04969748675981176,2.7921810850829836
0.018718728378378378,0.0,0.0,-0.43502960866680124,0.0,0.0,0.049450557756193995,2.792476584741283
0.01926927891891892,0.0,0.0,-0.434503351474171,0.0,0.0,0.04920362875257622,2.7927720843995822
0.01981982945945946,0.0,0.0,-0.4339770942815409,0.0,0.0,0.04895669974895846,2.793067584057882
0.02037038,0.0,0.0,-0.4334508370889109,0.0,0.0,0.04870977074534075,2.7933630837161814
0.02092093054054054,0.0,0.0,-0.4329245798962809,0.0,0.0,0.04846284174172297,2.7936585833744805
0.021471481081081083,0.0,0.0,-0.4323983227036508,0.0,0.0,0.04821591273810526,2.79395408303278
0.022022031621621623,0.0,0.0,-0.4318720655110207,0.0,0.0,0.047968983734487436,2.7942495826910796
0.022572582162162163,0.0,0.0,-0.43134580831839053,0.0,0.0,0.04772205473086973,2.7945450823493787
0.023123132702702703,0.0,0.0,-0.4308195511257604,0.0,0.0,0.047475125727251995,2.7948405820076783
0.023673683243243242,0.0,0.0,-0.4302932939331303,0.0,0.0,0.047228196723634173,2.795136081665978
0.024224233783783786,0.0,0.0,-0.42976703674050026,0.0,0.0,0.04698126772001645,2.7954315813242774
0.024774784324324325,0.0,0.0,-0.42924077954787015,0.0,0.0,0.04673433871639869,2.7957270809825765
0.025325334864864865,0.0,0.0,-0.42871452235524005,0.0,0.0,0.046487409712780925,2.796022580640876
0.025875885405405405,0.0,0.0,-0.42818826516261005,0.0,0.0,0.04624048070916319,2.7963180802991756
0.026426435945945945,0.0,0.0,-0.42766200796997983,0.0,0.0,0.04599355170554541,2.7966135799574747
0.026976986486486488,0.0,0.0,-0.42713575077734983,0.0,0.0,0.045746622701927635,2.7969090796157743
0.027527537027027028,0.0,0.0,-0.4266094935847197,0.0,0.0,0.04549969369830992,2.797204579274074
0.028078087567567567,0.0,0.0,-0.42608323639208967,0.0,0.0,0.04525276469469218,2.797500078932373
0.028628638108108107,0.0,0.0,-0.42555697919945956,0.0,0.0,0.045005835691074414,2.7977955785906725
0.02917918864864865,0.0,0.0,-0.42503072200682945,0.0,0.0,0.04475890668745666,2.798091078248972
0.02972973918918919,0.0,0.0,-0.42450446481419934,0.0,0.0,0.0445119776838389,2.798386577907271
0.03028028972972973,0.0,0.0,-0.42397820762156924,0.0,0.0,0.044265048680221145,2.7986820775655707
0.03083084027027027,0.0,0.0,-0.4234519504289392,0.0,0.0,0.04401811967660339,2.7989775772238703
0.03138139081081081,0.0,0.0,-0.42292569323630924,0.0,0.0,0.043771190672985634,2.7992730768821694
0.03193194135135135,0.0,0.0,-0.42239943604367897,0.0,0.0,0.0435242616693679,2.799568576540469
0.03248249189189189,0.0,0.0,-0.421873178851049,0.0,0.0,0.043277332665750165,2.7998640761987685
0.033033042432432436,0.0,0.0,-0.42134692165841875,0.0,0.0,0.043030403662132344,2.800159575857068
0.033583592972972975,0.0,0.0,-0.42082066446578875,0.0,0.0,0.0427834746585146,2.800455075515367
0.034134143513513515,0.0,0.0,-0.42029440727315864,0.0,0.0,0.04253654565489686,2.8007505751736668
0.034684694054054055,0.0,0.0,-0.4197681500805286,0.0,0.0,0.04228961665127912,2.8010460748319663
0.035235244594594595,0.0,0.0,-0.4192418928878985,0.0,0.0,0.04204268764766138,2.8013415744902654
0.035785795135135134,0.0,0.0,-0.41871563569526854,0.0,0.0,0.041795758644043605,2.801637074148565
0.036336345675675674,0.0,0.0,-0.41818937850263843,0.0,0.0,0.04154882964042587,2.8019325738068646
0.036886896216216214,0.0,0.0,-0.4176631213100083,0.0,0.0,0.0413019006368081,2.8022280734651637
0.037437446756756754,0.0,0.0,-0.4171368641173781,0.0,0.0,0.041054971633190336,2.8025235731234632
0.0379879972972973,0.0,0.0,-0.41661060692474805,0.0,0.0,0.040808042629572584,2.802819072781763
0.03853854783783784,0.0,0.0,-0.416084349732118,0.0,0.0,0.04056111362595483,2.803114572440062
0.03908909837837838,0.0,0.0,-0.4155580925394879,0.0,0.0,0.04031418462233706,2.8034100720983615
0.03963964891891892,0.0,0.0,-0.4150318353468578,0.0,0.0,0.04006725561871933,2.803705571756661
0.04019019945945946,0.0,0.0,-0.41450557815422767,0.0,0.0,0.03982032661510157,2.8040010714149606
0.04074075,0.0,0.0,-0.41397932096159773,0.0,0.0,0.039573397611483804,2.8042965710732597
0.04129130054054054,0.0,0.0,-0.41345306376896757,0.0,0.0,0.03932646860786606,2.8045920707315593
0.04184185108108108,0.0,0.0,-0.41292680657633757,0.0,0.0,0.039079539604248335,2.804887570389859
0.04239240162162162,0.0,0.0,-0.4124005493837073,0.0,0.0,0.038832610600630535,2.805183070048158
0.042942952162162165,0.0,0.0,-0.4118742921910773,0.0,0.0,0.038585681597012776,2.8054785697064575
0.043493502702702705,0.0,0.0,-0.4113480349984472,0.0,0.0,0.03833875259339505,2.805774069364757
0.044044053243243245,0.0,0.0,-0.4108217778058171,0.0,0.0,0.03809182358977726,2.806069569023056
0.044594603783783784,0.0,0.0,-0.41029552061318697,0.0,0.0,0.03784489458615953,2.8063650686813557
0.045145154324324324,0.0,0.0,-0.409769263420557,0.0,0.0,0.03759796558254179,2.8066605683396553
0.045695704864864864,0.0,0.0,-0.40924300622792686,0.0,0.0,0.03735103657892403,2.8069560679979544
0.046246255405405404,0.0,0.0,-0.40871674903529687,0.0,0.0,0.03710410757530627,2.807251567656254
0.04679680594594594,0.0,0.0,-0.40819049184266676,0.0,0.0,0.036857178571688506,2.8075470673145535
0.04734735648648648,0.0,0.0,-0.40766423465003665,0.0,0.0,0.03661024956807075,2.807842566972853
0.04789790702702703,0.0,0.0,-0.4071379774574065,0.0,0.0,0.03636332056445301,2.808138066631152
0.04844845756756757,0.0,0.0,-0.4066117202647764,0.0,0.0,0.03611639156083527,2.8084335662894517
0.04899900810810811,0.0,0.0,-0.4060854630721464,0.0,0.0,0.03586946255721752,2.8087290659477513
0.04954955864864865,0.0,0.0,-0.40555920587951627,0.0,0.0,0.035622533553599726,2.8090245656060504
0.05010010918918919,0.0,0.0,-0.40503294868688616,0.0,0.0,0.03537560454998199,2.80932006526435
0.05065065972972973,0.0,0.0,-0.40450669149425617,0.0,0.0,0.03512867554636425,2.8096155649226495
0.05120121027027027,0.0,0.0,-0.403980434301626,0.0,0.0,0.034881746542746485,2.8099110645809486
0.05175176081081081,0.0,0.0,-0.4034541771089959,0.0,0.0,0.03463481753912874,2.810206564239248
0.05230231135135135,0.0,0.0,-0.4029279199163659,0.0,0.0,0.03438788853551101,2.8105020638975478
0.05285286189189189,0.0,0.0,-0.4024016627237356,0.0,0.0,0.0341409595318932,2.8107975635558473
0.053403412432432434,0.0,0.0,-0.4018754055311056,0.0,0.0,0.03389403052827545,2.8110930632141464
0.053953962972972974,0.0,0.0,-0.4013491483384755,0.0,0.0,0.0336471015246577,2.811388562872446
0.054504513513513514,0.0,0.0,-0.4008228911458454,0.0,0.0,0.03340017252103996,2.8116840625307455
0.055055064054054054,0.0,0.0,-0.4002966339532153,0.0,0.0,0.033153243517422194,2.8119795621890447
0.05560561459459459,0.0,0.0,-0.3997703767605854,0.0,0.0,0.03290631451380444,2.812275061847344
0.05615616513513513,0.0,0.0,-0.3992441195679553,0.0,0.0,0.032659385510186684,2.8125705615056438
0.05670671567567567,0.0,0.0,-0.3987178623753252,0.0,0.0,0.03241245650656897,2.812866061163943
0.05725726621621621,0.0,0.0,-0.3981916051826949,0.0,0.0,0.03216552750295117,2.8131615608222424
0.05780781675675675,0.0,0.0,-0.3976653479900651,0.0,0.0,0.03191859849933343,2.813457060480542
0.0583583672972973,0.0,0.0,-0.3971390907974348,0.0,0.0,0.03167166949571568,2.813752560138841
0.05890891783783784,0.0,0.0,-0.39661283360480487,0.0,0.0,0.03142474049209795,2.8140480597971407
0.05945946837837838,0.0,0.0,-0.3960865764121748,0.0,0.0,0.031177811488480187,2.8143435594554402
0.06001001891891892,0.0,0.0,-0.3955603192195446,0.0,0.0,0.030930882484862404,2.8146390591137393
0.06056056945945946,0.0,0.0,-0.3950340620269145,0.0,0.0,0.030683953481244666,2.814934558772039
0.06111112,0.0,0.0,-0.39450780483428444,0.0,0.0,0.03043702447762691,2.8152300584303385
0.06166167054054054,0.0,0.0,-0.3939815476416544,0.0,0.0,0.030190095474009145,2.815525558088638
0.06221222108108108,0.0,0.0,-0.39345529044902433,0.0,0.0,0.0299431664703914,2.815821057746937
0.06276277162162161,0.0,0.0,-0.3929290332563941,0.0,0.0,0.02969623746677362,2.8161165574052367
0.06331332216216215,0.0,0.0,-0.3924027760637643,0.0,0.0,0.029449308463155903,2.8164120570635363
0.06386387270270269,0.0,0.0,-0.391876518871134,0.0,0.0,0.029202379459538155,2.8167075567218354
0.06441442324324323,0.0,0.0,-0.391350261678504,0.0,0.0,0.028955450455920382,2.817003056380135
0.06496497378378377,0.0,0.0,-0.39082400448587373,0.0,0.0,0.0287085214523026,2.8172985560384345
0.06551552432432432,0.0,0.0,-0.39029774729324374,0.0,0.0,0.028461592448684847,2.8175940556967336
0.06606607486486486,0.0,0.0,-0.38977149010061374,0.0,0.0,0.028214663445067144,2.817889555355033
0.0666166254054054,0.0,0.0,-0.38924523290798363,0.0,0.0,0.027967734441449375,2.8181850550133327
0.06716717594594594,0.0,0.0,-0.3887189757153535,0.0,0.0,0.02772080543783158,2.8184805546716323
0.06771772648648648,0.0,0.0,-0.38819271852272336,0.0,0.0,0.02747387643421385,2.8187760543299314
0.06826827702702702,0.0,0.0,-0.38766646133009325,0.0,0.0,0.027226947430596105,2.819071553988231
0.06881882756756756,0.0,0.0,-0.38714020413746325,0.0,0.0,0.02698001842697834,2.8193670536465305
0.0693693781081081,0.0,0.0,-0.38661394694483314,0.0,0.0,0.02673308942336061,2.8196625533048296
0.06991992864864864,0.0,0.0,-0.38608768975220303,0.0,0.0,0.026486160419742832,2.819958052963129
0.07047047918918918,0.0,0.0,-0.3855614325595729,0.0,0.0,0.026239231416125084,2.8202535526214287
0.07102102972972972,0.0,0.0,-0.38503517536694293,0.0,0.0,0.02599230241250733,2.820549052279728
0.07157158027027026,0.0,0.0,-0.3845089181743128,0.0,0.0,0.025745373408889553,2.8208445519380274
0.0721221308108108,0.0,0.0,-0.3839826609816828,0.0,0.0,0.02549844440527186,2.821140051596327
0.07267268135135134,0.0,0.0,-0.38345640378905266,0.0,0.0,0.025251515401654073,2.821435551254626
0.07322323189189188,0.0,0.0,-0.3829301465964227,0.0,0.0,0.025004586398036342,2.8217310509129256
0.07377378243243242,0.0,0.0,-0.38240388940379244,0.0,0.0,0.02475765739441856,2.822026550571225
0.07432433297297296,0.0,0.0,-0.38187763221116244,0.0,0.0,0.02451072839080082,2.8223220502295243
0.0748748835135135,0.0,0.0,-0.38135137501853233,0.0,0.0,0.024263799387183073,2.822617549887824
0.07542543405405404,0.0,0.0,-0.38082511782590217,0.0,0.0,0.0240168703835653,2.8229130495461234
0.07597598459459459,0.0,0.0,-0.3802988606332721,0.0,0.0,0.023769941379947545,2.8232085492044225
0.07652653513513513,0.0,0.0,-0.379772603440642,0.0,0.0,0.02352301237632977,2.823504048862722
0.07707708567567567,0.0,0.0,-0.3792463462480119,0.0,0.0,0.02327608337271204,2.8237995485210217
0.07762763621621621,0.0,0.0,-0.3787200890553818,0.0,0.0,0.02302915436909424,2.824095048179321
0.07817818675675675,0.0,0.0,-0.3781938318627517,0.0,0.0,0.022782225365476538,2.8243905478376203
0.07872873729729729,0.0,0.0,-0.3776675746701216,0.0,0.0,0.02253529636185876,2.82468604749592
0.07927928783783783,0.0,0.0,-0.37714131747749147,0.0,0.0,0.022288367358240968,2.8249815471542195
0.07982983837837837,0.0,0.0,-0.3766150602848615,0.0,0.0,0.02204143835462327,2.8252770468125186
0.08038038891891891,0.0,0.0,-0.3760888030922314,0.0,0.0,0.021794509351005516,2.825572546470818
0.08093093945945945,0.0,0.0,-0.37556254589960136,0.0,0.0,0.02154758034738774,2.8258680461291177
0.08148148999999999,0.0,0.0,-0.37503628870697125,0.0,0.0,0.02130065134377002,2.826163545787417
0.08203204054054053,0.0,0.0,-0.37451003151434115,0.0,0.0,0.02105372234015226,2.8264590454457164
0.08258259108108107,0.0,0.0,-0.37398377432171104,0.0,0.0,0.020806793336534495,2.826754545104016
0.08313314162162161,0.0,0.0,-0.37345751712908093,0.0,0.0,0.02055986433291673,2.8270500447623155
0.08368369216216215,0.0,0.0,-0.3729312599364508,0.0,0.0,0.02031293532929898,2.8273455444206146
0.08423424270270269,0.0,0.0,-0.37240500274382077,0.0,0.0,0.020066006325681226,2.827641044078914
0.08478479324324323,0.0,0.0,-0.37187874555119066,0.0,0.0,0.019819077322063474,2.8279365437372137
0.08533534378378377,0.0,0.0,-0.37135248835856066,0.0,0.0,0.019572148318445726,2.828232043395513
0.08588589432432432,0.0,0.0,-0.3708262311659304,0.0,0.0,0.019325219314827974,2.8285275430538124
0.08643644486486486,0.0,0.0,-0.3702999739733006,0.0,0.0,0.01907829031121021,2.828823042712112
0.0869869954054054,0.0,0.0,-0.36977371678067034,0.0,0.0,0.018831361307592435,2.829118542370411
0.08753754594594594,0.0,0.0,-0.3692474595880404,0.0,0.0,0.018584432303974715,2.8294140420287106
0.08808809648648648,0.0,0.0,-0.3687212023954101,0.0,0.0,0.01833750330035693,2.82970954168701
0.08863864702702702,0.0,0.0,-0.36819494520278,0.0,0.0,0.018090574296739163,2.8300050413453093
0.08918919756756756,0.0,0.0,-0.36766868801014996,0.0,0.0,0.017843645293121425,2.830300541003609
0.0897397481081081,0.0,0.0,-0.36714243081751985,0.0,0.0,0.017596716289503704,2.8305960406619084
0.09029029864864864,0.0,0.0,-0.36661617362488985,0.0,0.0,0.01734978728588592,2.830891540320208
0.09084084918918918,0.0,0.0,-0.36608991643225974,0.0,0.0,0.017102858282268166,2.831187039978507
0.09139139972972972,0.0,0.0,-0.3655636592396297,0.0,0.0,0.01685592927865042,2.8314825396368066
0.09194195027027026,0.0,0.0,-0.3650374020469996,0.0,0.0,0.01660900027503266,2.831778039295106
0.0924925008108108,0.0,0.0,-0.36451114485436953,0.0,0.0,0.016362071271414882,2.8320735389534053
0.09304305135135134,0.0,0.0,-0.3639848876617393,0.0,0.0,0.016115142267797145,2.832369038611705
0.09359360189189188,0.0,0.0,-0.36345863046910926,0.0,0.0,0.01586821326417939,2.8326645382700044
0.09414415243243242,0.0,0.0,-0.3629323732764792,0.0,0.0,0.01562128426056161,2.8329600379283035
0.09469470297297296,0.0,0.0,-0.3624061160838491,0.0,0.0,0.015374355256943863,2.833255537586603
0.0952452535135135,0.0,0.0,-0.3618798588912191,0.0,0.0,0.015127426253326168,2.8335510372449026
0.09579580405405405,0.0,0.0,-0.3613536016985889,0.0,0.0,0.014880497249708354,2.8338465369032018
0.09634635459459459,0.0,0.0,-0.3608273445059589,0.0,0.0,0.014633568246090634,2.8341420365615013
0.09689690513513513,0.0,0.0,-0.3603010873133287,0.0,0.0,0.014386639242472868,2.834437536219801
0.09744745567567567,0.0,0.0,-0.35977483012069866,0.0,0.0,0.014139710238855107,2.8347330358781004
0.09799800621621621,0.0,0.0,-0.35924857292806855,0.0,0.0,0.01389278123523736,2.8350285355363996
0.09854855675675675,0.0,0.0,-0.35872231573543845,0.0,0.0,0.013645852231619621,2.835324035194699
0.09909910729729729,0.0,0.0,-0.3581960585428085,0.0,0.0,0.013398923228001857,2.8356195348529987
0.09964965783783783,0.0,0.0,-0.3576698013501783,0.0,0.0,0.0131519942243841,2.835915034511298
0.10020020837837837,0.0,0.0,-0.35714354415754834,0.0,0.0,0.01290506522076634,2.8362105341695973
0.10075075891891891,0.0,0.0,-0.3566172869649181,0.0,0.0,0.012658136217148584,2.836506033827897
0.10130130945945945,0.0,0.0,-0.35609102977228807,0.0,0.0,0.012411207213530845,2.836801533486196
0.10185185999999999,0.0,0.0,-0.355564772579658,0.0,0.0,0.01216427820991308,2.8370970331444956
0.10240241054054053,0.0,0.0,-0.35503851538702785,0.0,0.0,0.011917349206295306,2.837392532802795
0.10295296108108107,0.0,0.0,-0.35451225819439786,0.0,0.0,0.011670420202677586,2.8376880324610942
0.10350351162162161,0.0,0.0,-0.3539860010017678,0.0,0.0,0.011423491199059851,2.837983532119394
0.10405406216216215,0.0,0.0,-0.35345974380913764,0.0,0.0,0.011176562195442077,2.8382790317776934
0.10460461270270269,0.0,0.0,-0.3529334866165076,0.0,0.0,0.010929633191824287,2.838574531435993
0.10515516324324323,0.0,0.0,-0.3524072294238775,0.0,0.0,0.010682704188206573,2.838870031094292
0.10570571378378377,0.0,0.0,-0.3518809722312474,0.0,0.0,0.0104357751845888,2.8391655307525916
0.10625626432432432,0.0,0.0,-0.35135471503861737,0.0,0.0,0.010188846180971066,2.839461030410891
0.10680681486486486,0.0,0.0,-0.3508284578459872,0.0,0.0,0.009941917177353314,2.8397565300691903
0.1073573654054054,0.0,0.0,-0.35030220065335704,0.0,0.0,0.00969498817373554,2.84005202972749
0.10790791594594594,0.0,0.0,-0.34977594346072705,0.0,0.0,0.009448059170117783,2.8403475293857894
0.10845846648648648,0.0,0.0,-0.3492496862680969,0.0,0.0,0.009201130166499993,2.8406430290440885
0.10900901702702702,0.0,0.0,-0.3487234290754669,0.0,0.0,0.008954201162882288,2.840938528702388
0.10955956756756756,0.0,0.0,-0.3481971718828367,0.0,0.0,0.008707272159264519,2.8412340283606876
0.1101101181081081,0.0,0.0,-0.34767091469020656,0.0,0.0,0.008460343155646746,2.8415295280189867
0.11066066864864864,0.0,0.0,-0.34714465749757645,0.0,0.0,0.008213414152028998,2.8418250276772863
0.11121121918918918,0.0,0.0,-0.3466184003049465,0.0,0.0,0.007966485148411251,2.842120527335586
0.11176176972972972,0.0,0.0,-0.3460921431123164,0.0,0.0,0.007719556144793503,2.842416026993885
0.11231232027027026,0.0,0.0,-0.3455658859196863,0.0,0.0,0.007472627141175756,2.8427115266521845
0.1128628708108108,0.0,0.0,-0.3450396287270563,0.0,0.0,0.007225698137558004,2.843007026310484
0.11341342135135134,0.0,0.0,-0.34451337153442607,0.0,0.0,0.006978769133940212,2.8433025259687836
0.11396397189189188,0.0,0.0,-0.34398711434179613,0.0,0.0,0.006731840130322478,2.8435980256270827
0.11451452243243242,0.0,0.0,-0.3434608571491659,0.0,0.0,0.006484911126704743,2.8438935252853823
0.11506507297297296,0.0,0.0,-0.3429345999565359,0.0,0.0,0.006237982123086983,2.844189024943682
0.1156156235135135,0.0,0.0,-0.3424083427639058,0.0,0.0,0.005991053119469258,2.844484524601981
0.11616617405405405,0.0,0.0,-0.34188208557127575,0.0,0.0,0.005744124115851462,2.8447800242602805
0.11671672459459459,0.0,0.0,-0.3413558283786457,0.0,0.0,0.005497195112233719,2.84507552391858
0.11726727513513513,0.0,0.0,-0.34082957118601553,0.0,0.0,0.0052502661086159495,2.845371023576879
0.11781782567567567,0.0,0.0,-0.3403033139933855,0.0,0.0,0.005003337104998198,2.8456665232351788
0.11836837621621621,0.0,0.0,-0.3397770568007554,0.0,0.0,0.004756408101380472,2.8459620228934783
0.11891892675675675,0.0,0.0,-0.33924986029773485,0.0,0.0,0.004509377285719101,2.8462576454343957
0.11946947729729729,0.0,0.0,-0.33872365453964376,0.0,0.0,0.004262453857101455,2.8465531383639173
0.12002002783783783,0.0,0.0,-0.33819744878155267,0.0,0.0,0.0040155304284837995,2.8468486312934393
0.12057057837837837,0.0,0.0,-0.3376712430234617,0.0,0.0,0.0037686069998661884,2.847144124222961
0.12112112891891891,0.0,0.0,-0.33714503726537076,0.0,0.0,0.0035216835712485422,2.8474396171524825
0.12167167945945945,0.0,0.0,-0.3366188315072797,0.0,0.0,0.0032747601426309308,2.8477351100820045
0.12222222999999999,0.0,0.0,-0.33609262574918863,0.0,0.0,0.003027836714013276,2.848030603011526
0.12277278054054053,0.0,0.0,-0.33556641999109765,0.0,0.0,0.0027809132853956037,2.8483260959410477
0.12332333108108107,0.0,0.0,-0.3350402142330066,0.0,0.0,0.002533989856778001,2.8486215888705693
0.1238738816216216,0.0,0.0,-0.3345140084749157,0.0,0.0,0.0022870664281603374,2.8489170818000913
0.12442443216216215,0.0,0.0,-0.3339878027168245,0.0,0.0,0.002040142999542682,2.849212574729613
0.12497498270270269,0.0,0.0,-0.3334615969587335,0.0,0.0,0.0017932195709250622,2.8495080676591344
0.12552553324324323,0.0,0.0,-0.3329353912006426,0.0,0.0,0.001546296142307416,2.8498035605886565
0.12607608378378377,0.0,0.0,-0.3324091854425515,0.0,0.0,0.0012993727136897523,2.850099053518178
0.1266266343243243,0.0,0.0,-0.3318829796844605,0.0,0.0,0.0010524492850721148,2.8503945464476996
0.12717718486486485,0.0,0.0,-0.3313567739263694,0.0,0.0,0.0008055258564545121,2.850690039377221
0.12772773540540538,0.0,0.0,-0.33083056816827844,0.0,0.0,0.0005586024278368485,2.8509855323067432
0.12827828594594592,0.0,0.0,-0.33030436241018746,0.0,0.0,0.00031167899921921965,2.851281025236265
0.12882883648648646,0.0,0.0,-0.3297776839862636,0.0,0.0,6.47043382561379e-05,2.8515765800009536
0.129379387027027,0.0,0.0,-0.3292998749389814,0.0,0.0,0.0,2.851654503014112
0.12992993756756754,0.0,0.0,-0.3288386288813971,0.0,0.0,0.0,2.8516551698324535
0.13048048810810808,0.0,0.0,-0.32837738282381285,0.0,0.0,0.0,2.851655836650795
0.13103103864864865,0.0,0.0,-0.32791613676622866,0.0,0.0,0.0,2.8516565034691364
0.1315815891891892,0.0,0.0,-0.3274548907086444,0.0,0.0,0.0,2.8516571702874773
0.13213213972972973,0.0,0.0,-0.3269936446510603,0.0,0.0,0.0,2.8516578371058188
0.13268269027027027,0.0,0.0,-0.326532398593476,0.0,0.0,0.0,2.85165850392416
0.1332332408108108,0.0,0.0,-0.32607115253589186,0.0,0.0,0.0,2.851659170742501
0.13378379135135135,0.0,0.0,-0.3256099064783075,0.0,0.0,0.0,2.8516598375608426
0.1343343418918919,0.0,0.0,-0.3251486604207234,0.0,0.0,0.0,2.851660504379184
0.13488489243243243,0.0,0.0,-0.32468741436313914,0.0,0.0,0.0,2.851661171197525
0.13543544297297297,0.0,0.0,-0.3242261683055549,0.0,0.0,0.0,2.8516618380158665
0.1359859935135135,0.0,0.0,-0.32376492224797077,0.0,0.0,0.0,2.851662504834208
0.13653654405405405,0.0,0.0,-0.3233036761903866,0.0,0.0,0.0,2.851663171652549
0.1370870945945946,0.0,0.0,-0.3228424301328023,0.0,0.0,0.0,2.8516638384708903
0.13763764513513513,0.0,0.0,-0.32238118407521804,0.0,0.0,0.0,2.8516645052892318
0.13818819567567567,0.0,0.0,-0.3219199380176338,0.0,0.0,0.0,2.8516651721075728
0.1387387462162162,0.0,0.0,-0.3214586919600497,0.0,0.0,0.0,2.851665838925914
0.13928929675675675,0.0,0.0,-0.3209974459024654,0.0,0.0,0.0,2.8516665057442556
0.1398398472972973,0.0,0.0,-0.3205361998448812,0.0,0.0,0.0,2.8516671725625966
0.14039039783783783,0.0,0.0,-0.32007495378729695,0.0,0.0,0.0,2.851667839380938
0.14094094837837837,0.0,0.0,-0.31961370772971276,0.0,0.0,0.0,2.8516685061992795
0.1414914989189189,0.0,0.0,-0.3191524616721285,0.0,0.0,0.0,2.8516691730176205
0.14204204945945945,0.0,0.0,-0.31869121561454433,0.0,0.0,0.0,2.851669839835962
0.14259259999999999,0.0,0.0,-0.31822996955696015,0.0,0.0,0.0,2.8516705066543033
0.14314315054054053,0.0,0.0,-0.31776872349937596,0.0,0.0,0.0,2.8516711734726443
0.14369370108108107,0.0,0.0,-0.31730747744179166,0.0,0.0,0.0,2.8516718402909857
0.1442442516216216,0.0,0.0,-0.3168462313842074,0.0,0.0,0.0,2.851672507109327
0.14479480216216215,0.0,0.0,-0.3163849853266232,0.0,0.0,0.0,2.851673173927668
0.14534535270270268,0.0,0.0,-0.3159237392690391,0.0,0.0,0.0,2.8516738407460096
0.14589590324324322,0.0,0.0,-0.3154624932114548,0.0,0.0,0.0,2.851674507564351
0.14644645378378376,0.0,0.0,-0.31500124715387057,0.0,0.0,0.0,2.851675174382692
0.1469970043243243,0.0,0.0,-0.31454000109628644,0.0,0.0,0.0,2.8516758412010335
0.14754755486486484,0.0,0.0,-0.3140787550387022,0.0,0.0,0.0,2.851676508019375
0.14809810540540538,0.0,0.0,-0.31361750898111795,0.0,0.0,0.0,2.851677174837716
0.14864865594594592,0.0,0.0,-0.3131562629235337,0.0,0.0,0.0,2.8516778416560573
0.14919920648648646,0.0,0.0,-0.3126950168659496,0.0,0.0,0.0,2.8516785084743987
0.149749757027027,0.0,0.0,-0.31223377080836523,0.0,0.0,0.0,2.85167917529274
0.15030030756756754,0.0,0.0,-0.31177252475078104,0.0,0.0,0.0,2.851679842111081
0.15085085810810808,0.0,0.0,-0.31131127869319686,0.0,0.0,0.0,2.8516805089294226
0.15140140864864865,0.0,0.0,-0.3108500326356127,0.0,0.0,0.0,2.851681175747764
0.1519519591891892,0.0,0.0,-0.31038878657802843,0.0,0.0,0.0,2.851681842566105
0.15250250972972973,0.0,0.0,-0.3099275405204442,0.0,0.0,0.0,2.8516825093844465
0.15305306027027027,0.0,0.0,-0.30946629446285995,0.0,0.0,0.0,2.851683176202788
0.1536036108108108,0.0,0.0,-0.3090050484052757,0.0,0.0,0.0,2.851683843021129
0.15415416135135135,0.0,0.0,-0.3085438023476916,0.0,0.0,0.0,2.8516845098394703
0.1547047118918919,0.0,0.0,-0.3080825562901074,0.0,0.0,0.0,2.8516851766578117
0.15525526243243243,0.0,0.0,-0.3076213102325231,0.0,0.0,0.0,2.8516858434761527
0.15580581297297297,0.0,0.0,-0.30716006417493896,0.0,0.0,0.0,2.851686510294494
0.1563563635135135,0.0,0.0,-0.3066988181173548,0.0,0.0,0.0,2.8516871771128356
0.15690691405405405,0.0,0.0,-0.3062375720597705,0.0,0.0,0.0,2.8516878439311766
0.1574574645945946,0.0,0.0,-0.30577632600218624,0.0,0.0,0.0,2.851688510749518
0.15800801513513513,0.0,0.0,-0.305315079944602,0.0,0.0,0.0,2.8516891775678594
0.15855856567567567,0.0,0.0,-0.3048538338870178,0.0,0.0,0.0,2.8516898443862004
0.1591091162162162,0.0,0.0,-0.30439258782943357,0.0,0.0,0.0,2.851690511204542
0.15965966675675675,0.0,0.0,-0.30393134177184933,0.0,0.0,0.0,2.8516911780228833
0.16021021729729729,0.0,0.0,-0.30347009571426514,0.0,0.0,0.0,2.8516918448412243
0.16076076783783783,0.0,0.0,-0.30300884965668096,0.0,0.0,0.0,2.8516925116595657
0.16131131837837837,0.0,0.0,-0.3025476035990967,0.0,0.0,0.0,2.851693178477907
0.1618618689189189,0.0,0.0,-0.3020863575415126,0.0,0.0,0.0,2.851693845296248
0.16241241945945945,0.0,0.0,-0.3016251114839284,0.0,0.0,0.0,2.8516945121145896
0.16296296999999998,0.0,0.0,-0.3011638654263441,0.0,0.0,0.0,2.851695178932931
0.16351352054054052,0.0,0.0,-0.30070261936875986,0.0,0.0,0.0,2.851695845751272
0.16406407108108106,0.0,0.0,-0.3002413733111756,0.0,0.0,0.0,2.8516965125696134
0.1646146216216216,0.0,0.0,-0.2997801272535914,0.0,0.0,0.0,2.851697179387955
0.16516517216216214,0.0,0.0,-0.29931888119600725,0.0,0.0,0.0,2.851697846206296
0.16571572270270268,0.0,0.0,-0.298857635138423,0.0,0.0,0.0,2.8516985130246373
0.16626627324324322,0.0,0.0,-0.29839638908083876,0.0,0.0,0.0,2.8516991798429787
0.16681682378378376,0.0,0.0,-0.29793514302325463,0.0,0.0,0.0,2.8516998466613197
0.1673673743243243,0.0,0.0,-0.29747389696567045,0.0,0.0,0.0,2.851700513479661
0.16791792486486484,0.0,0.0,-0.29701265090808615,0.0,0.0,0.0,2.8517011802980026
0.16846847540540538,0.0,0.0,-0.2965514048505019,0.0,0.0,0.0,2.8517018471163436
0.16901902594594592,0.0,0.0,-0.29609015879291767,0.0,0.0,0.0,2.851702513934685
0.16956957648648646,0.0,0.0,-0.2956289127353335,0.0,0.0,0.0,2.8517031807530264
0.170120127027027,0.0,0.0,-0.29516766667774924,0.0,0.0,0.0,2.851703847571368
0.17067067756756754,0.0,0.0,-0.294706420620165,0.0,0.0,0.0,2.851704514389709
0.1712212281081081,0.0,0.0,-0.2942451745625809,0.0,0.0,0.0,2.8517051812080503
0.17177177864864865,0.0,0.0,-0.2937839285049966,0.0,0.0,0.0,2.8517058480263917
0.1723223291891892,0.0,0.0,-0.2933226824474124,0.0,0.0,0.0,2.8517065148447327
0.17287287972972973,0.0,0.0,-0.29286143638982814,0.0,0.0,0.0,2.851707181663074
0.17342343027027027,0.0,0.0,-0.292400190332244,0.0,0.0,0.0,2.8517078484814156
0.1739739808108108,0.0,0.0,-0.2919389442746598,0.0,0.0,0.0,2.8517085152997566
0.17452453135135135,0.0,0.0,-0.2914776982170756,0.0,0.0,0.0,2.851709182118098
0.1750750818918919,0.0,0.0,-0.2910164521594913,0.0,0.0,0.0,2.8517098489364394
0.17562563243243243,0.0,0.0,-0.29055520610190705,0.0,0.0,0.0,2.8517105157547804
0.17617618297297297,0.0,0.0,-0.290093960044323,0.0,0.0,0.0,2.851711182573122
0.1767267335135135,0.0,0.0,-0.2896327139867387,0.0,0.0,0.0,2.8517118493914633
0.17727728405405405,0.0,0.0,-0.28917146792915444,0.0,0.0,0.0,2.8517125162098043
0.17782783459459459,0.0,0.0,-0.2887102218715702,0.0,0.0,0.0,2.8517131830281457
0.17837838513513513,0.0,0.0,-0.288248975813986,0.0,0.0,0.0,2.851713849846487
0.17892893567567567,0.0,0.0,-0.28778772975640177,0.0,0.0,0.0,2.851714516664828
0.1794794862162162,0.0,0.0,-0.2873264836988175,0.0,0.0,0.0,2.8517151834831695
0.18003003675675674,0.0,0.0,-0.2868652376412334,0.0,0.0,0.0,2.851715850301511
0.18058058729729728,0.0,0.0,-0.2864039915836492,0.0,0.0,0.0,2.851716517119852
0.18113113783783782,0.0,0.0,-0.2859427455260649,0.0,0.0,0.0,2.8517171839381934
0.18168168837837836,0.0,0.0,-0.2854814994684808,0.0,0.0,0.0,2.851717850756535
0.1822322389189189,0.0,0.0,-0.2850202534108966,0.0,0.0,0.0,2.851718517574876
0.18278278945945944,0.0,0.0,-0.2845590073533123,0.0,0.0,0.0,2.8517191843932173
0.18333333999999998,0.0,0.0,-0.28409776129572806,0.0,0.0,0.0,2.8517198512115587
0.18388389054054052,0.0,0.0,-0.2836365152381438,0.0,0.0,0.0,2.8517205180298997
0.18443444108108106,0.0,0.0,-0.2831752691805597,0.0,0.0,0.0,2.851721184848241
0.1849849916216216,0.0,0.0,-0.28271402312297544,0.0,0.0,0.0,2.8517218516665825
0.18553554216216214,0.0,0.0,-0.28225277706539126,0.0,0.0,0.0,2.8517225184849235
0.18608609270270268,0.0,0.0,-0.281791531007807,0.0,0.0,0.0,2.851723185303265
0.18663664324324322,0.0,0.0,-0.28133028495022283,0.0,0.0,0.0,2.8517238521216064
0.18718719378378376,0.0,0.0,-0.28086903889263864,0.0,0.0,0.0,2.8517245189399474
0.1877377443243243,0.0,0.0,-0.2804077928350544,0.0,0.0,0.0,2.851725185758289
0.18828829486486484,0.0,0.0,-0.2799465467774701,0.0,0.0,0.0,2.8517258525766302
0.18883884540540538,0.0,0.0,-0.27948530071988587,0.0,0.0,0.0,2.8517265193949712
0.18938939594594592,0.0,0.0,-0.2790240546623017,0.0,0.0,0.0,2.8517271862133127
0.18993994648648646,0.0,0.0,-0.27856280860471744,0.0,0.0,0.0,2.851727853031654
0.190490497027027,0.0,0.0,-0.2781015625471332,0.0,0.0,0.0,2.8517285198499955
0.19104104756756754,0.0,0.0,-0.277640316489549,0.0,0.0,0.0,2.8517291866683365
0.1915915981081081,0.0,0.0,-0.2771790704319648,0.0,0.0,0.0,2.851729853486678
0.19214214864864865,0.0,0.0,-0.2767178243743806,0.0,0.0,0.0,2.8517305203050194
0.1926926991891892,0.0,0.0,-0.27625657831679634,0.0,0.0,0.0,2.8517311871233604
0.19324324972972973,0.0,0.0,-0.27579533225921216,0.0,0.0,0.0,2.851731853941702
0.19379380027027027,0.0,0.0,-0.27533408620162797,0.0,0.0,0.0,2.8517325207600432
0.1943443508108108,0.0,0.0,-0.2748728401440438,0.0,0.0,0.0,2.8517331875783842
0.19489490135135135,0.0,0.0,-0.27441159408645954,0.0,0.0,0.0,2.8517338543967257
0.19544545189189189,0.0,0.0,-0.27395034802887536,0.0,0.0,0.0,2.851734521215067
0.19599600243243243,0.0,0.0,-0.2734891019712911,0.0,0.0,0.0,2.851735188033408
0.19654655297297297,0.0,0.0,-0.2730278559137068,0.0,0.0,0.0,2.8517358548517495
0.1970971035135135,0.0,0.0,-0.27256660985612263,0.0,0.0,0.0,2.851736521670091
0.19764765405405404,0.0,0.0,-0.2721053637985385,0.0,0.0,0.0,2.851737188488432
0.19819820459459458,0.0,0.0,-0.2716441177409542,0.0,0.0,0.0,2.8517378553067734
0.19874875513513512,0.0,0.0,-0.27118287168336996,0.0,0.0,0.0,2.851738522125115
0.19929930567567566,0.0,0.0,-0.2707216256257857,0.0,0.0,0.0,2.851739188943456
0.1998498562162162,0.0,0.0,-0.27026037956820154,0.0,0.0,0.0,2.8517398557617972
0.20040040675675674,0.0,0.0,-0.2697991335106173,0.0,0.0,0.0,2.8517405225801387
0.20095095729729728,0.0,0.0,-0.2693378874530331,0.0,0.0,0.0,2.8517411893984796
0.20150150783783782,0.0,0.0,-0.26887664139544887,0.0,0.0,0.0,2.851741856216821
0.20205205837837836,0.0,0.0,-0.2684153953378647,0.0,0.0,0.0,2.8517425230351625
0.2026026089189189,0.0,0.0,-0.2679541492802805,0.0,0.0,0.0,2.8517431898535035
0.20315315945945944,0.0,0.0,-0.26749290322269625,0.0,0.0,0.0,2.851743856671845
0.20370370999999998,0.0,0.0,-0.2670316571651121,0.0,0.0,0.0,2.8517445234901864
0.20425426054054052,0.0,0.0,-0.2665704111075278,0.0,0.0,0.0,2.8517451903085274
0.20480481108108106,0.0,0.0,-0.26610916504994364,0.0,0.0,0.0,2.851745857126869
0.2053553616216216,0.0,0.0,-0.26564791899235946,0.0,0.0,0.0,2.85174652394521
0.20590591216216214,0.0,0.0,-0.2651866729347752,0.0,0.0,0.0,2.851747190763551
0.20645646270270268,0.0,0.0,-0.2647254268771909,0.0,0.0,0.0,2.8517478575818926
0.20700701324324322,0.0,0.0,-0.26426418081960673,0.0,0.0,0.0,2.851748524400234
0.20755756378378376,0.0,0.0,-0.26380293476202255,0.0,0.0,0.0,2.851749191218575
0.2081081143243243,0.0,0.0,-0.2633416887044383,0.0,0.0,0.0,2.8517498580369165
0.20865866486486484,0.0,0.0,-0.26288044264685406,0.0,0.0,0.0,2.851750524855258
0.20920921540540538,0.0,0.0,-0.2624191965892699,0.0,0.0,0.0,2.8517511916735994
0.20975976594594592,0.0,0.0,-0.26195795053168563,0.0,0.0,0.0,2.8517518584919404
0.21031031648648646,0.0,0.0,-0.2614967044741014,0.0,0.0,0.0,2.851752525310282
0.210860867027027,0.0,0.0,-0.2610354584165172,0.0,0.0,0.0,2.851753192128623
0.21141141756756754,0.0,0.0,-0.26057421235893297,0.0,0.0,0.0,2.851753858946964
0.2119619681081081,0.0,0.0,-0.2601129663013488,0.0,0.0,0.0,2.8517545257653056
0.21251251864864865,0.0,0.0,-0.2596517202437646,0.0,0.0,0.0,2.851755192583647
0.21306306918918919,0.0,0.0,-0.2591904741861804,0.0,0.0,0.0,2.851755859401988
0.21361361972972973,0.0,0.0,-0.2587292281285962,0.0,0.0,0.0,2.8517565262203295
0.21416417027027027,0.0,0.0,-0.2582679820710119,0.0,0.0,0.0,2.851757193038671
0.2147147208108108,0.0,0.0,-0.25780673601342763,0.0,0.0,0.0,2.851757859857012
0.21526527135135134,0.0,0.0,-0.25734548995584344,0.0,0.0,0.0,2.8517585266753533
0.21581582189189188,0.0,0.0,-0.2568842438982593,0.0,0.0,0.0,2.8517591934936948
0.21636637243243242,0.0,0.0,-0.256422997840675,0.0,0.0,0.0,2.8517598603120358
0.21691692297297296,0.0,0.0,-0.25596175178309083,0.0,0.0,0.0,2.851760527130377
0.2174674735135135,0.0,0.0,-0.25550050572550664,0.0,0.0,0.0,2.8517611939487186
0.21801802405405404,0.0,0.0,-0.25503925966792235,0.0,0.0,0.0,2.8517618607670596
0.21856857459459458,0.0,0.0,-0.25457801361033816,0.0,0.0,0.0,2.851762527585401
0.21911912513513512,0.0,0.0,-0.254116767552754,0.0,0.0,0.0,2.8517631944037425
0.21966967567567566,0.0,0.0,-0.2536555214951697,0.0,0.0,0.0,2.8517638612220835
0.2202202262162162,0.0,0.0,-0.2531942754375855,0.0,0.0,0.0,2.851764528040425
0.22077077675675674,0.0,0.0,-0.2527330293800013,0.0,0.0,0.0,2.8517651948587663
0.22132132729729728,0.0,0.0,-0.25227178332241706,0.0,0.0,0.0,2.8517658616771073
0.22187187783783782,0.0,0.0,-0.2518105372648329,0.0,0.0,0.0,2.8517665284954488
0.22242242837837836,0.0,0.0,-0.25134929120724864,0.0,0.0,0.0,2.85176719531379
0.2229729789189189,0.0,0.0,-0.25088804514966445,0.0,0.0,0.0,2.851767862132131
0.22352352945945944,0.0,0.0,-0.25042679909208027,0.0,0.0,0.0,2.8517685289504726
0.22407407999999998,0.0,0.0,-0.249965553034496,0.0,0.0,0.0,2.851769195768814
0.22462463054054052,0.0,0.0,-0.24950430697691187,0.0,0.0,0.0,2.851769862587155
0.22517518108108106,0.0,0.0,-0.24904306091932754,0.0,0.0,0.0,2.8517705294054965
0.2257257316216216,0.0,0.0,-0.24858181486174333,0.0,0.0,0.0,2.851771196223838
0.22627628216216214,0.0,0.0,-0.24812056880415911,0.0,0.0,0.0,2.851771863042179
0.22682683270270268,0.0,0.0,-0.24765932274657493,0.0,0.0,0.0,2.8517725298605203
0.22737738324324322,0.0,0.0,-0.24719807668899071,0.0,0.0,0.0,2.8517731966788618
0.22792793378378376,0.0,0.0,-0.2467368306314065,0.0,0.0,0.0,2.8517738634972027
0.2284784843243243,0.0,0.0,-0.24627558457382226,0.0,0.0,0.0,2.851774530315544
0.22902903486486484,0.0,0.0,-0.24581433851623813,0.0,0.0,0.0,2.8517751971338856
0.22957958540540538,0.0,0.0,-0.24535309245865383,0.0,0.0,0.0,2.851775863952227
0.23013013594594592,0.0,0.0,-0.2448918464010697,0.0,0.0,0.0,2.851776530770568
0.23068068648648646,0.0,0.0,-0.24443060034348552,0.0,0.0,0.0,2.8517771975889095
0.231231237027027,0.0,0.0,-0.24396935428590116,0.0,0.0,0.0,2.851777864407251
0.23178178756756757,0.0,0.0,-0.24350810822831698,0.0,0.0,0.0,2.851778531225592
0.2323323381081081,0.0,0.0,-0.2430468621707327,0.0,0.0,0.0,2.8517791980439333
0.23288288864864864,0.0,0.0,-0.2425856161131486,0.0,0.0,0.0,2.8517798648622747
0.23343343918918918,0.0,0.0,-0.2421243700555644,0.0,0.0,0.0,2.8517805316806157
0.23398398972972972,0.0,0.0,-0.2416631239979801,0.0,0.0,0.0,2.851781198498957
0.23453454027027026,0.0,0.0,-0.24120187794039596,0.0,0.0,0.0,2.8517818653172986
0.2350850908108108,0.0,0.0,-0.24074063188281164,0.0,0.0,0.0,2.8517825321356396
0.23563564135135134,0.0,0.0,-0.24027938582522743,0.0,0.0,0.0,2.851783198953981
0.23618619189189188,0.0,0.0,-0.2398181397676432,0.0,0.0,0.0,2.8517838657723225
0.23673674243243242,0.0,0.0,-0.239356893710059,0.0,0.0,0.0,2.8517845325906634
0.23728729297297296,0.0,0.0,-0.2388956476524748,0.0,0.0,0.0,2.851785199409005
0.2378378435135135,0.0,0.0,-0.23843440159489054,0.0,0.0,0.0,2.8517858662273463
0.23838839405405404,0.0,0.0,-0.23797315553730636,0.0,0.0,0.0,2.8517865330456873
0.23893894459459458,0.0,0.0,-0.23751190947972223,0.0,0.0,0.0,2.8517871998640287
0.23948949513513512,0.0,0.0,-0.23705066342213793,0.0,0.0,0.0,2.85178786668237
0.24004004567567566,0.0,0.0,-0.23658941736455372,0.0,0.0,0.0,2.851788533500711
0.2405905962162162,0.0,0.0,-0.23612817130696948,0.0,0.0,0.0,2.8517892003190526
0.24114114675675674,0.0,0.0,-0.23566692524938526,0.0,0.0,0.0,2.851789867137394
0.24169169729729728,0.0,0.0,-0.23520567919180105,0.0,0.0,0.0,2.851790533955735
0.24224224783783782,0.0,0.0,-0.23474443313421686,0.0,0.0,0.0,2.8517912007740764
0.24279279837837836,0.0,0.0,-0.23428318707663273,0.0,0.0,0.0,2.851791867592418
0.2433433489189189,0.0,0.0,-0.23382194101904838,0.0,0.0,0.0,2.851792534410759
0.24389389945945944,0.0,0.0,-0.2333606949614642,0.0,0.0,0.0,2.8517932012291003
0.24444444999999998,0.0,0.0,-0.23289944890388006,0.0,0.0,0.0,2.8517938680474417
0.24499500054054052,0.0,0.0,-0.23243820284629577,0.0,0.0,0.0,2.8517945348657827
0.24554555108108106,0.0,0.0,-0.23197695678871152,0.0,0.0,0.0,2.851795201684124
0.2460961016216216,0.0,0.0,-0.2315157107311273,0.0,0.0,0.0,2.8517958685024656
0.24664665216216214,0.0,0.0,-0.23105446467354318,0.0,0.0,0.0,2.8517965353208066
0.24719720270270268,0.0,0.0,-0.23059321861595888,0.0,0.0,0.0,2.851797202139148
0.24774775324324322,0.0,0.0,-0.2301319725583747,0.0,0.0,0.0,2.8517978689574894
0.24829830378378376,0.0,0.0,-0.2296707265007905,0.0,0.0,0.0,2.8517985357758304
0.2488488543243243,0.0,0.0,-0.22920948044320633,0.0,0.0,0.0,2.851799202594172
0.24939940486486484,0.0,0.0,-0.22874823438562203,0.0,0.0,0.0,2.8517998694125133
0.24994995540540538,0.0,0.0,-0.22828698832803782,0.0,0.0,0.0,2.8518005362308547
0.2505005059459459,0.0,0.0,-0.2278257422704536,0.0,0.0,0.0,2.8518012030491957
0.25105105648648646,0.0,0.0,-0.22736449621286936,0.0,0.0,0.0,2.851801869867537
0.251601607027027,0.0,0.0,-0.22690325015528515,0.0,0.0,0.0,2.8518025366858786
0.25215215756756754,0.0,0.0,-0.22644200409770102,0.0,0.0,0.0,2.8518032035042196
0.2527027081081081,0.0,0.0,-0.22598075804011683,0.0,0.0,0.0,2.851803870322561
0.2532532586486486,0.0,0.0,-0.22551951198253253,0.0,0.0,0.0,2.8518045371409024
0.25380380918918916,0.0,0.0,-0.2250582659249483,0.0,0.0,0.0,2.8518052039592434
0.2543543597297297,0.0,0.0,-0.22459701986736408,0.0,0.0,0.0,2.851805870777585
0.25490491027027024,0.0,0.0,-0.22413577380977986,0.0,0.0,0.0,2.8518065375959263
0.2554554608108108,0.0,0.0,-0.22367452775219565,0.0,0.0,0.0,2.8518072044142673
0.2560060113513513,0.0,0.0,-0.22321328169461144,0.0,0.0,0.0,2.8518078712326087
0.25655656189189185,0.0,0.0,-0.22275203563702728,0.0,0.0,0.0,2.85180853805095
0.2571071124324324,0.0,0.0,-0.22229078957944298,0.0,0.0,0.0,2.851809204869291
0.25765766297297293,0.0,0.0,-0.2218295435218588,0.0,0.0,0.0,2.8518098716876326
0.2582082135135135,0.0,0.0,-0.22136829746427467,0.0,0.0,0.0,2.851810538505974
0.258758764054054,0.0,0.0,-0.22090705140669037,0.0,0.0,0.0,2.851811205324315
0.25930931459459455,0.0,0.0,-0.22044580534910613,0.0,0.0,0.0,2.8518118721426564
0.2598598651351351,0.0,0.0,-0.21998455929152191,0.0,0.0,0.0,2.851812538960998
0.26041041567567563,0.0,0.0,-0.2195233132339377,0.0,0.0,0.0,2.851813205779339
0.2609609662162162,0.0,0.0,-0.2190620671763535,0.0,0.0,0.0,2.8518138725976803
0.2615115167567567,0.0,0.0,-0.2186008211187693,0.0,0.0,0.0,2.8518145394160217
0.2620620672972973,0.0,0.0,-0.218139575061185,0.0,0.0,0.0,2.8518152062343627
0.26261261783783785,0.0,0.0,-0.21767832900360087,0.0,0.0,0.0,2.851815873052704
0.2631631683783784,0.0,0.0,-0.21721708294601658,0.0,0.0,0.0,2.8518165398710456
0.2637137189189189,0.0,0.0,-0.21675583688843236,0.0,0.0,0.0,2.8518172066893865
0.26426426945945947,0.0,0.0,-0.21629459083084812,0.0,0.0,0.0,2.851817873507728
0.26481482,0.0,0.0,-0.215833344773264,0.0,0.0,0.0,2.8518185403260694
0.26536537054054055,0.0,0.0,-0.2153720987156797,0.0,0.0,0.0,2.8518192071444104
0.2659159210810811,0.0,0.0,-0.2149108526580955,0.0,0.0,0.0,2.851819873962752
0.2664664716216216,0.0,0.0,-0.21444960660051138,0.0,0.0,0.0,2.8518205407810933
0.26701702216216217,0.0,0.0,-0.21398836054292714,0.0,0.0,0.0,2.8518212075994342
0.2675675727027027,0.0,0.0,-0.21352711448534284,0.0,0.0,0.0,2.8518218744177757
0.26811812324324324,0.0,0.0,-0.21306586842775863,0.0,0.0,0.0,2.851822541236117
0.2686686737837838,0.0,0.0,-0.2126046223701744,0.0,0.0,0.0,2.8518232080544585
0.2692192243243243,0.0,0.0,-0.2121433763125902,0.0,0.0,0.0,2.8518238748727995
0.26976977486486486,0.0,0.0,-0.21168213025500596,0.0,0.0,0.0,2.851824541691141
0.2703203254054054,0.0,0.0,-0.21122088419742183,0.0,0.0,0.0,2.8518252085094824
0.27087087594594594,0.0,0.0,-0.21075963813983764,0.0,0.0,0.0,2.8518258753278234
0.2714214264864865,0.0,0.0,-0.21029839208225334,0.0,0.0,0.0,2.851826542146165
0.271971977027027,0.0,0.0,-0.2098371460246692,0.0,0.0,0.0,2.8518272089645063
0.27252252756756756,0.0,0.0,-0.2093758999670849,0.0,0.0,0.0,2.8518278757828472
0.2730730781081081,0.0,0.0,-0.20891465390950067,0.0,0.0,0.0,2.8518285426011887
0.27362362864864864,0.0,0.0,-0.20845340785191646,0.0,0.0,0.0,2.85182920941953
0.2741741791891892,0.0,0.0,-0.20799216179433225,0.0,0.0,0.0,2.851829876237871
0.2747247297297297,0.0,0.0,-0.20753091573674806,0.0,0.0,0.0,2.8518305430562125
0.27527528027027026,0.0,0.0,-0.2070696696791638,0.0,0.0,0.0,2.851831209874554
0.2758258308108108,0.0,0.0,-0.2066084236215796,0.0,0.0,0.0,2.851831876692895
0.27637638135135134,0.0,0.0,-0.20614717756399548,0.0,0.0,0.0,2.8518325435112364
0.2769269318918919,0.0,0.0,-0.20568593150641118,0.0,0.0,0.0,2.851833210329578
0.2774774824324324,0.0,0.0,-0.20522468544882705,0.0,0.0,0.0,2.851833877147919
0.27802803297297296,0.0,0.0,-0.20476343939124272,0.0,0.0,0.0,2.8518345439662602
0.2785785835135135,0.0,0.0,-0.2043021933336585,0.0,0.0,0.0,2.8518352107846017
0.27912913405405404,0.0,0.0,-0.2038409472760743,0.0,0.0,0.0,2.8518358776029427
0.2796796845945946,0.0,0.0,-0.2033797012184901,0.0,0.0,0.0,2.851836544421284
0.2802302351351351,0.0,0.0,-0.2029184551609059,0.0,0.0,0.0,2.8518372112396255
0.28078078567567566,0.0,0.0,-0.20245720910332163,0.0,0.0,0.0,2.8518378780579665
0.2813313362162162,0.0,0.0,-0.20199596304573744,0.0,0.0,0.0,2.851838544876308
0.28188188675675674,0.0,0.0,-0.2015347169881533,0.0,0.0,0.0,2.8518392116946494
0.2824324372972973,0.0,0.0,-0.20107347093056901,0.0,0.0,0.0,2.8518398785129904
0.2829829878378378,0.0,0.0,-0.2006122248729848,0.0,0.0,0.0,2.851840545331332
0.28353353837837836,0.0,0.0,-0.20015097881540056,0.0,0.0,0.0,2.8518412121496732
0.2840840889189189,0.0,0.0,-0.19968973275781635,0.0,0.0,0.0,2.851841878968014
0.28463463945945944,0.0,0.0,-0.19922848670023213,0.0,0.0,0.0,2.8518425457863557
0.28518519,0.0,0.0,-0.19876724064264795,0.0,0.0,0.0,2.851843212604697
0.2857357405405405,0.0,0.0,-0.19830599458506373,0.0,0.0,0.0,2.851843879423038
0.28628629108108106,0.0,0.0,-0.19784474852747957,0.0,0.0,0.0,2.8518445462413795
0.2868368416216216,0.0,0.0,-0.19738350246989528,0.0,0.0,0.0,2.851845213059721
0.28738739216216214,0.0,0.0,-0.19692225641231115,0.0,0.0,0.0,2.851845879878062
0.2879379427027027,0.0,0.0,-0.19646101035472685,0.0,0.0,0.0,2.8518465466964034
0.2884884932432432,0.0,0.0,-0.1959997642971426,0.0,0.0,0.0,2.851847213514745
0.28903904378378376,0.0,0.0,-0.1955385182395584,0.0,0.0,0.0,2.8518478803330862
0.2895895943243243,0.0,0.0,-0.19507727218197418,0.0,0.0,0.0,2.851848547151427
0.29014014486486484,0.0,0.0,-0.19461602612439,0.0,0.0,0.0,2.8518492139697686
0.2906906954054054,0.0,0.0,-0.19415478006680578,0.0,0.0,0.0,2.85184988078811
0.2912412459459459,0.0,0.0,-0.19369353400922162,0.0,0.0,0.0,2.851850547606451
0.29179179648648645,0.0,0.0,-0.1932322879516374,0.0,0.0,0.0,2.8518512144247925
0.292342347027027,0.0,0.0,-0.1927710418940531,0.0,0.0,0.0,2.851851881243134
0.29289289756756753,0.0,0.0,-0.1923097958364689,0.0,0.0,0.0,2.851852548061475
0.2934434481081081,0.0,0.0,-0.19184854977888469,0.0,0.0,0.0,2.8518532148798164
0.2939939986486486,0.0,0.0,-0.19138730372130044,0.0,0.0,0.0,2.851853881698158
0.29454454918918915,0.0,0.0,-0.19092605766371623,0.0,0.0,0.0,2.8518545485164988
0.2950950997297297,0.0,0.0,-0.19046481160613213,0.0,0.0,0.0,2.85185521533484
0.29564565027027023,0.0,0.0,-0.19000356554854791,0.0,0.0,0.0,2.8518558821531816
0.2961962008108108,0.0,0.0,-0.18954231949096362,0.0,0.0,0.0,2.8518565489715226
0.2967467513513513,0.0,0.0,-0.18908107343337938,0.0,0.0,0.0,2.851857215789864
0.29729730189189185,0.0,0.0,-0.18861982737579525,0.0,0.0,0.0,2.8518578826082055
0.2978478524324324,0.0,0.0,-0.18815858131821095,0.0,0.0,0.0,2.8518585494265465
0.29839840297297293,0.0,0.0,-0.18769733526062674,0.0,0.0,0.0,2.851859216244888
0.29894895351351347,0.0,0.0,-0.18723608920304252,0.0,0.0,0.0,2.8518598830632294
0.299499504054054,0.0,0.0,-0.18677484314545836,0.0,0.0,0.0,2.8518605498815703
0.30005005459459455,0.0,0.0,-0.18631359708787407,0.0,0.0,0.0,2.8518612166999118
0.3006006051351351,0.0,0.0,-0.18585235103028988,0.0,0.0,0.0,2.851861883518253
0.30115115567567563,0.0,0.0,-0.18539110497270575,0.0,0.0,0.0,2.851862550336594
0.30170170621621617,0.0,0.0,-0.18492985891512145,0.0,0.0,0.0,2.8518632171549356
0.30225225675675677,0.0,0.0,-0.18446861285753716,0.0,0.0,0.0,2.851863883973277
0.3028028072972973,0.0,0.0,-0.18400736679995294,0.0,0.0,0.0,2.851864550791618
0.30335335783783784,0.0,0.0,-0.18354612074236876,0.0,0.0,0.0,2.8518652176099595
0.3039039083783784,0.0,0.0,-0.18308487468478454,0.0,0.0,0.0,2.851865884428301
0.3044544589189189,0.0,0.0,-0.18262362862720039,0.0,0.0,0.0,2.851866551246642
0.30500500945945946,0.0,0.0,-0.1821623825696161,0.0,0.0,0.0,2.8518672180649833
0.30555556,0.0,0.0,-0.18170113651203196,0.0,0.0,0.0,2.8518678848833248
0.30610611054054054,0.0,0.0,-0.18123989045444766,0.0,0.0,0.0,2.8518685517016658
0.3066566610810811,0.0,0.0,-0.18077864439686345,0.0,0.0,0.0,2.851869218520007
0.3072072116216216,0.0,0.0,-0.1803173983392792,0.0,0.0,0.0,2.8518698853383486
0.30775776216216216,0.0,0.0,-0.179856152281695,0.0,0.0,0.0,2.85187055215669
0.3083083127027027,0.0,0.0,-0.1793949062241108,0.0,0.0,0.0,2.851871218975031
0.30885886324324324,0.0,0.0,-0.1789336601665266,0.0,0.0,0.0,2.8518718857933725
0.3094094137837838,0.0,0.0,-0.17847241410894246,0.0,0.0,0.0,2.851872552611714
0.3099599643243243,0.0,0.0,-0.17801116805135822,0.0,0.0,0.0,2.851873219430055
0.31051051486486486,0.0,0.0,-0.17754992199377392,0.0,0.0,0.0,2.8518738862483963
0.3110610654054054,0.0,0.0,-0.1770886759361897,0.0,0.0,0.0,2.8518745530667378
0.31161161594594594,0.0,0.0,-0.1766274298786055,0.0,0.0,0.0,2.8518752198850787
0.3121621664864865,0.0,0.0,-0.1761661838210213,0.0,0.0,0.0,2.85187588670342
0.312712717027027,0.0,0.0,-0.17570493776343704,0.0,0.0,0.0,2.8518765535217616
0.31326326756756756,0.0,0.0,-0.1752436917058529,0.0,0.0,0.0,2.8518772203401026
0.3138138181081081,0.0,0.0,-0.17478244564826872,0.0,0.0,0.0,2.851877887158444
0.31436436864864864,0.0,0.0,-0.17432119959068443,0.0,0.0,0.0,2.8518785539767855
0.3149149191891892,0.0,0.0,-0.1738599535331003,0.0,0.0,0.0,2.8518792207951265
0.3154654697297297,0.0,0.0,-0.17339870747551606,0.0,0.0,0.0,2.851879887613468
0.31601602027027026,0.0,0.0,-0.17293746141793176,0.0,0.0,0.0,2.8518805544318093
0.3165665708108108,0.0,0.0,-0.17247621536034755,0.0,0.0,0.0,2.8518812212501503
0.31711712135135134,0.0,0.0,-0.17201496930276333,0.0,0.0,0.0,2.8518818880684917
0.3176676718918919,0.0,0.0,-0.17155372324517915,0.0,0.0,0.0,2.851882554886833
0.3182182224324324,0.0,0.0,-0.17109247718759488,0.0,0.0,0.0,2.851883221705174
0.31876877297297296,0.0,0.0,-0.1706312311300107,0.0,0.0,0.0,2.8518838885235156
0.3193193235135135,0.0,0.0,-0.17016998507242656,0.0,0.0,0.0,2.851884555341857
0.31986987405405404,0.0,0.0,-0.16970873901484226,0.0,0.0,0.0,2.851885222160198
0.3204204245945946,0.0,0.0,-0.16924749295725813,0.0,0.0,0.0,2.8518858889785395
0.3209709751351351,0.0,0.0,-0.1687862468996738,0.0,0.0,0.0,2.851886555796881
0.32152152567567566,0.0,0.0,-0.1683250008420896,0.0,0.0,0.0,2.851887222615222
0.3220720762162162,0.0,0.0,-0.16786375478450538,0.0,0.0,0.0,2.8518878894335633
0.32262262675675674,0.0,0.0,-0.1674025087269212,0.0,0.0,0.0,2.8518885562519047
0.3231731772972973,0.0,0.0,-0.16694126266933698,0.0,0.0,0.0,2.8518892230702457
0.3237237278378378,0.0,0.0,-0.1664800166117527,0.0,0.0,0.0,2.851889889888587
0.32427427837837836,0.0,0.0,-0.16601877055416853,0.0,0.0,0.0,2.8518905567069286
0.3248248289189189,0.0,0.0,-0.1655575244965844,0.0,0.0,0.0,2.8518912235252696
0.32537537945945944,0.0,0.0,-0.1650962784390001,0.0,0.0,0.0,2.851891890343611
0.32592593,0.0,0.0,-0.16463503238141597,0.0,0.0,0.0,2.8518925571619524
0.3264764805405405,0.0,0.0,-0.16417378632383164,0.0,0.0,0.0,2.8518932239802934
0.32702703108108105,0.0,0.0,-0.16371254026624743,0.0,0.0,0.0,2.851893890798635
0.3275775816216216,0.0,0.0,-0.16325129420866322,0.0,0.0,0.0,2.8518945576169763
0.32812813216216213,0.0,0.0,-0.16279004815107903,0.0,0.0,0.0,2.8518952244353177
0.3286786827027027,0.0,0.0,-0.16232880209349482,0.0,0.0,0.0,2.8518958912536587
0.3292292332432432,0.0,0.0,-0.16186755603591066,0.0,0.0,0.0,2.851896558072
0.32977978378378375,0.0,0.0,-0.16140630997832636,0.0,0.0,0.0,2.8518972248903416
0.3303303343243243,0.0,0.0,-0.16094506392074223,0.0,0.0,0.0,2.8518978917086826
0.33088088486486483,0.0,0.0,-0.16048381786315793,0.0,0.0,0.0,2.851898558527024
0.3314314354054054,0.0,0.0,-0.16002257180557372,0.0,0.0,0.0,2.8518992253453654
0.3319819859459459,0.0,0.0,-0.15956132574798948,0.0,0.0,0.0,2.8518998921637064
0.33253253648648645,0.0,0.0,-0.15910007969040527,0.0,0.0,0.0,2.851900558982048
0.333083087027027,0.0,0.0,-0.15863883363282108,0.0,0.0,0.0,2.8519012258003893
0.33363363756756753,0.0,0.0,-0.15817758757523687,0.0,0.0,0.0,2.8519018926187303
0.33418418810810807,0.0,0.0,-0.15771634151765263,0.0,0.0,0.0,2.8519025594370717
0.3347347386486486,0.0,0.0,-0.1572550954600685,0.0,0.0,0.0,2.851903226255413
0.33528528918918915,0.0,0.0,-0.1567938494024842,0.0,0.0,0.0,2.851903893073754
0.3358358397297297,0.0,0.0,-0.15633260334489998,0.0,0.0,0.0,2.8519045598920956
0.33638639027027023,0.0,0.0,-0.15587135728731577,0.0,0.0,0.0,2.851905226710437
0.33693694081081077,0.0,0.0,-0.15541011122973153,0.0,0.0,0.0,2.851905893528778
0.3374874913513513,0.0,0.0,-0.15494886517214732,0.0,0.0,0.0,2.8519065603471194
0.33803804189189185,0.0,0.0,-0.15448761911456313,0.0,0.0,0.0,2.851907227165461
0.3385885924324324,0.0,0.0,-0.154026373056979,0.0,0.0,0.0,2.851907893983802
0.33913914297297293,0.0,0.0,-0.1535651269993947,0.0,0.0,0.0,2.8519085608021433
0.33968969351351347,0.0,0.0,-0.15310388094181046,0.0,0.0,0.0,2.8519092276204847
0.340240244054054,0.0,0.0,-0.15264263488422633,0.0,0.0,0.0,2.8519098944388257
0.34079079459459455,0.0,0.0,-0.15218138882664203,0.0,0.0,0.0,2.851910561257167
0.3413413451351351,0.0,0.0,-0.15172014276905782,0.0,0.0,0.0,2.8519112280755086
0.34189189567567563,0.0,0.0,-0.15125889671147363,0.0,0.0,0.0,2.8519118948938496
0.3424424462162162,0.0,0.0,-0.15079765065388934,0.0,0.0,0.0,2.851912561712191
0.34299299675675676,0.0,0.0,-0.1503364045963052,0.0,0.0,0.0,2.8519132285305324
0.3435435472972973,0.0,0.0,-0.1498751585387209,0.0,0.0,0.0,2.8519138953488734
0.34409409783783784,0.0,0.0,-0.14941391248113678,0.0,0.0,0.0,2.851914562167215
0.3446446483783784,0.0,0.0,-0.1489526664235526,0.0,0.0,0.0,2.8519152289855563
0.3451951989189189,0.0,0.0,-0.14849142036596824,0.0,0.0,0.0,2.8519158958038973
0.34574574945945946,0.0,0.0,-0.14803017430838403,0.0,0.0,0.0,2.8519165626222387
0.3462963,0.0,0.0,-0.14756892825079984,0.0,0.0,0.0,2.85191722944058
0.34684685054054054,0.0,0.0,-0.14710768219321563,0.0,0.0,0.0,2.851917896258921
0.3473974010810811,0.0,0.0,-0.14664643613563147,0.0,0.0,0.0,2.8519185630772625
0.3479479516216216,0.0,0.0,-0.14618519007804717,0.0,0.0,0.0,2.851919229895604
0.34849850216216216,0.0,0.0,-0.14572394402046304,0.0,0.0,0.0,2.8519198967139454
0.3490490527027027,0.0,0.0,-0.14526269796287875,0.0,0.0,0.0,2.8519205635322864
0.34959960324324324,0.0,0.0,-0.14480145190529453,0.0,0.0,0.0,2.851921230350628
0.3501501537837838,0.0,0.0,-0.1443402058477103,0.0,0.0,0.0,2.8519218971689693
0.3507007043243243,0.0,0.0,-0.14387895979012608,0.0,0.0,0.0,2.8519225639873103
0.35125125486486486,0.0,0.0,-0.1434177137325419,0.0,0.0,0.0,2.8519232308056517
0.3518018054054054,0.0,0.0,-0.14295646767495768,0.0,0.0,0.0,2.851923897623993
0.35235235594594594,0.0,0.0,-0.14249522161737355,0.0,0.0,0.0,2.851924564442334
0.3529029064864865,0.0,0.0,-0.1420339755597893,0.0,0.0,0.0,2.8519252312606755
0.353453457027027,0.0,0.0,-0.141572729502205,0.0,0.0,0.0,2.851925898079017
0.35400400756756756,0.0,0.0,-0.1411114834446208,0.0,0.0,0.0,2.851926564897358
0.3545545581081081,0.0,0.0,-0.14065023738703658,0.0,0.0,0.0,2.8519272317156994
0.35510510864864864,0.0,0.0,-0.1401889913294524,0.0,0.0,0.0,2.851927898534041
0.3556556591891892,0.0,0.0,-0.13972774527186813,0.0,0.0,0.0,2.851928565352382
0.3562062097297297,0.0,0.0,-0.13926649921428394,0.0,0.0,0.0,2.8519292321707232
0.35675676027027026,0.0,0.0,-0.1388052531566998,0.0,0.0,0.0,2.8519298989890647
0.3573073108108108,0.0,0.0,-0.1383440070991155,0.0,0.0,0.0,2.8519305658074057
0.35785786135135134,0.0,0.0,-0.13788276104153138,0.0,0.0,0.0,2.851931232625747
0.3584084118918919,0.0,0.0,-0.13742151498394714,0.0,0.0,0.0,2.8519318994440885
0.3589589624324324,0.0,0.0,-0.13696026892636284,0.0,0.0,0.0,2.8519325662624295
0.35950951297297296,0.0,0.0,-0.13649902286877863,0.0,0.0,0.0,2.851933233080771
0.3600600635135135,0.0,0.0,-0.13603777681119444,0.0,0.0,0.0,2.8519338998991124
0.36061061405405404,0.0,0.0,-0.13557653075361023,0.0,0.0,0.0,2.8519345667174534
0.3611611645945946,0.0,0.0,-0.13511528469602596,0.0,0.0,0.0,2.851935233535795
0.3617117151351351,0.0,0.0,-0.13465403863844178,0.0,0.0,0.0,2.8519359003541362
0.36226226567567565,0.0,0.0,-0.13419279258085764,0.0,0.0,0.0,2.8519365671724772
0.3628128162162162,0.0,0.0,-0.13373154652327335,0.0,0.0,0.0,2.8519372339908187
0.36336336675675673,0.0,0.0,-0.13327030046568922,0.0,0.0,0.0,2.85193790080916
0.3639139172972973,0.0,0.0,-0.1328090544081049,0.0,0.0,0.0,2.851938567627501
0.3644644678378378,0.0,0.0,-0.13234780835052068,0.0,0.0,0.0,2.8519392344458425
0.36501501837837835,0.0,0.0,-0.13188656229293647,0.0,0.0,0.0,2.851939901264184
0.3655655689189189,0.0,0.0,-0.13142531623535228,0.0,0.0,0.0,2.851940568082525
0.36611611945945943,0.0,0.0,-0.13096407017776807,0.0,0.0,0.0,2.8519412349008664
0.36666667,0.0,0.0,-0.1305028241201839,0.0,0.0,0.0,2.851941901719208
0.3672172205405405,0.0,0.0,-0.1300415780625996,0.0,0.0,0.0,2.8519425685375492
0.36776777108108105,0.0,0.0,-0.12958033200501548,0.0,0.0,0.0,2.8519432353558902
0.3683183216216216,0.0,0.0,-0.12911908594743118,0.0,0.0,0.0,2.8519439021742317
0.36886887216216213,0.0,0.0,-0.12865783988984705,0.0,0.0,0.0,2.851944568992573
0.36941942270270267,0.0,0.0,-0.12819659383226273,0.0,0.0,0.0,2.851945235810914
0.3699699732432432,0.0,0.0,-0.12773534777467851,0.0,0.0,0.0,2.8519459026292555
0.37052052378378375,0.0,0.0,-0.12727410171709433,0.0,0.0,0.0,2.851946569447597
0.3710710743243243,0.0,0.0,-0.12681285565951012,0.0,0.0,0.0,2.851947236265938
0.37162162486486483,0.0,0.0,-0.1263516096019259,0.0,0.0,0.0,2.8519479030842794
0.37217217540540537,0.0,0.0,-0.12589036354434174,0.0,0.0,0.0,2.851948569902621
0.3727227259459459,0.0,0.0,-0.12542911748675745,0.0,0.0,0.0,2.851949236720962
0.37327327648648645,0.0,0.0,-0.12496787142917332,0.0,0.0,0.0,2.851949903539303
0.373823827027027,0.0,0.0,-0.12450662537158903,0.0,0.0,0.0,2.8519505703576447
0.37437437756756753,0.0,0.0,-0.1240453793140049,0.0,0.0,0.0,2.8519512371759856
0.37492492810810807,0.0,0.0,-0.12358413325642056,0.0,0.0,0.0,2.851951903994327
0.3754754786486486,0.0,0.0,-0.12312288719883636,0.0,0.0,0.0,2.8519525708126685
0.37602602918918915,0.0,0.0,-0.12266164114125223,0.0,0.0,0.0,2.8519532376310095
0.3765765797297297,0.0,0.0,-0.12220039508366795,0.0,0.0,0.0,2.851953904449351
0.3771271302702702,0.0,0.0,-0.1217391490260837,0.0,0.0,0.0,2.8519545712676924
0.37767768081081077,0.0,0.0,-0.12127790296849958,0.0,0.0,0.0,2.8519552380860334
0.3782282313513513,0.0,0.0,-0.12081665691091528,0.0,0.0,0.0,2.851955904904375
0.37877878189189185,0.0,0.0,-0.12035541085333107,0.0,0.0,0.0,2.851956571722716
0.3793293324324324,0.0,0.0,-0.11989416479574687,0.0,0.0,0.0,2.851957238541057
0.3798798829729729,0.0,0.0,-0.11943291873816261,0.0,0.0,0.0,2.8519579053593986
0.38043043351351347,0.0,0.0,-0.1189716726805785,0.0,0.0,0.0,2.85195857217774
0.380980984054054,0.0,0.0,-0.1185104266229942,0.0,0.0,0.0,2.851959238996081
0.38153153459459455,0.0,0.0,-0.11804918056541,0.0,0.0,0.0,2.8519599058144225
0.3820820851351351,0.0,0.0,-0.11758793450782579,0.0,0.0,0.0,2.851960572632764
0.3826326356756757,0.0,0.0,-0.11712668845024149,0.0,0.0,0.0,2.851961239451105
0.3831831862162162,0.0,0.0,-0.11666544239265737,0.0,0.0,0.0,2.8519619062694463
0.38373373675675676,0.0,0.0,-0.11620419633507308,0.0,0.0,0.0,2.8519625730877878
0.3842842872972973,0.0,0.0,-0.11574295027748888,0.0,0.0,0.0,2.8519632399061288
0.38483483783783784,0.0,0.0,-0.11528170421990466,0.0,0.0,0.0,2.85196390672447
0.3853853883783784,0.0,0.0,-0.11482045816232041,0.0,0.0,0.0,2.8519645735428116
0.3859359389189189,0.0,0.0,-0.11435921210473629,0.0,0.0,0.0,2.8519652403611526
0.38648648945945946,0.0,0.0,-0.113897966047152,0.0,0.0,0.0,2.851965907179494
0.38703704,0.0,0.0,-0.1134367199895678,0.0,0.0,0.0,2.8519665739978355
0.38758759054054054,0.0,0.0,-0.11297547393198358,0.0,0.0,0.0,2.851967240816177
0.3881381410810811,0.0,0.0,-0.11251422787439934,0.0,0.0,0.0,2.851967907634518
0.3886886916216216,0.0,0.0,-0.11205298181681521,0.0,0.0,0.0,2.8519685744528593
0.38923924216216216,0.0,0.0,-0.11159173575923091,0.0,0.0,0.0,2.8519692412712008
0.3897897927027027,0.0,0.0,-0.11113048970164671,0.0,0.0,0.0,2.8519699080895418
0.39034034324324324,0.0,0.0,-0.1106692436440625,0.0,0.0,0.0,2.851970574907883
0.3908908937837838,0.0,0.0,-0.11020799758647826,0.0,0.0,0.0,2.8519712417262246
0.3914414443243243,0.0,0.0,-0.10974675152889413,0.0,0.0,0.0,2.8519719085445656
0.39199199486486486,0.0,0.0,-0.10928550547130984,0.0,0.0,0.0,2.851972575362907
0.3925425454054054,0.0,0.0,-0.10882425941372563,0.0,0.0,0.0,2.8519732421812485
0.39309309594594594,0.0,0.0,-0.10836301335614137,0.0,0.0,0.0,2.8519739089995895
0.3936436464864865,0.0,0.0,-0.10790176729855717,0.0,0.0,0.0,2.851974575817931
0.394194197027027,0.0,0.0,-0.10744052124097304,0.0,0.0,0.0,2.8519752426362723
0.39474474756756756,0.0,0.0,-0.10697927518338876,0.0,0.0,0.0,2.8519759094546133
0.3952952981081081,0.0,0.0,-0.10651802912580463,0.0,0.0,0.0,2.8519765762729548
0.39584584864864863,0.0,0.0,-0.10605678306822039,0.0,0.0,0.0,2.851977243091296
0.3963963991891892,0.0,0.0,-0.10559553701063609,0.0,0.0,0.0,2.851977909909637
0.3969469497297297,0.0,0.0,-0.10513429095305188,0.0,0.0,0.0,2.8519785767279786
0.39749750027027025,0.0,0.0,-0.10467304489546768,0.0,0.0,0.0,2.85197924354632
0.3980480508108108,0.0,0.0,-0.10421179883788355,0.0,0.0,0.0,2.851979910364661
0.39859860135135133,0.0,0.0,-0.10375055278029931,0.0,0.0,0.0,2.8519805771830025
0.3991491518918919,0.0,0.0,-0.10328930672271501,0.0,0.0,0.0,2.851981244001344
0.3996997024324324,0.0,0.0,-0.10282806066513081,0.0,0.0,0.0,2.851981910819685
0.40025025297297295,0.0,0.0,-0.1023668146075466,0.0,0.0,0.0,2.8519825776380263
0.4008008035135135,0.0,0.0,-0.10190556854996248,0.0,0.0,0.0,2.8519832444563677
0.40135135405405403,0.0,0.0,-0.10144432249237822,0.0,0.0,0.0,2.8519839112747087
0.4019019045945946,0.0,0.0,-0.10098307643479393,0.0,0.0,0.0,2.85198457809305
0.4024524551351351,0.0,0.0,-0.10052183037720981,0.0,0.0,0.0,2.8519852449113916
0.40300300567567565,0.0,0.0,-0.10006058431962551,0.0,0.0,0.0,2.8519859117297326
0.4035535562162162,0.0,0.0,-0.09959933826204131,0.0,0.0,0.0,2.851986578548074
0.40410410675675673,0.0,0.0,-0.09913809220445706,0.0,0.0,0.0,2.8519872453664155
0.40465465729729727,0.0,0.0,-0.09867684614687285,0.0,0.0,0.0,2.8519879121847564
0.4052052078378378,0.0,0.0,-0.09821560008928873,0.0,0.0,0.0,2.851988579003098
0.40575575837837835,0.0,0.0,-0.09775435403170443,0.0,0.0,0.0,2.8519892458214393
0.4063063089189189,0.0,0.0,-0.09729310797412023,0.0,0.0,0.0,2.8519899126397803
0.40685685945945943,0.0,0.0,-0.09683186191653598,0.0,0.0,0.0,2.8519905794581217
0.40740740999999997,0.0,0.0,-0.09637061585895178,0.0,0.0,0.0,2.851991246276463
0.4079579605405405,0.0,0.0,-0.09590936980136765,0.0,0.0,0.0,2.8519919130948046
0.40850851108108105,0.0,0.0,-0.09544812374378335,0.0,0.0,0.0,2.8519925799131456
0.4090590616216216,0.0,0.0,-0.09498687768619915,0.0,0.0,0.0,2.851993246731487
0.40960961216216213,0.0,0.0,-0.0945256316286149,0.0,0.0,0.0,2.8519939135498285
0.41016016270270267,0.0,0.0,-0.0940643855710307,0.0,0.0,0.0,2.8519945803681694
0.4107107132432432,0.0,0.0,-0.09360313951344656,0.0,0.0,0.0,2.851995247186511
0.41126126378378375,0.0,0.0,-0.09314189345586228,0.0,0.0,0.0,2.8519959140048523
0.4118118143243243,0.0,0.0,-0.09268064739827807,0.0,0.0,0.0,2.8519965808231933
0.4123623648648648,0.0,0.0,-0.09221940134069381,0.0,0.0,0.0,2.8519972476415347
0.41291291540540537,0.0,0.0,-0.09175815528310961,0.0,0.0,0.0,2.851997914459876
0.4134634659459459,0.0,0.0,-0.09129690922552548,0.0,0.0,0.0,2.851998581278217
0.41401401648648645,0.0,0.0,-0.0908356631679412,0.0,0.0,0.0,2.8519992480965586
0.414564567027027,0.0,0.0,-0.09037441711035699,0.0,0.0,0.0,2.8519999149149
0.4151151175675675,0.0,0.0,-0.08991317105277273,0.0,0.0,0.0,2.852000581733241
0.41566566810810807,0.0,0.0,-0.08945192499518853,0.0,0.0,0.0,2.8520012485515824
0.4162162186486486,0.0,0.0,-0.0889906789376044,0.0,0.0,0.0,2.852001915369924
0.41676676918918915,0.0,0.0,-0.08852943288002012,0.0,0.0,0.0,2.852002582188265
0.4173173197297297,0.0,0.0,-0.0880681868224359,0.0,0.0,0.0,2.8520032490066063
0.4178678702702702,0.0,0.0,-0.08760694076485175,0.0,0.0,0.0,2.8520039158249477
0.41841842081081076,0.0,0.0,-0.08714569470726745,0.0,0.0,0.0,2.8520045826432887
0.4189689713513513,0.0,0.0,-0.08668444864968333,0.0,0.0,0.0,2.85200524946163
0.41951952189189184,0.0,0.0,-0.08622320259209904,0.0,0.0,0.0,2.8520059162799716
0.4200700724324324,0.0,0.0,-0.0857619565345149,0.0,0.0,0.0,2.8520065830983126
0.4206206229729729,0.0,0.0,-0.08530071047693066,0.0,0.0,0.0,2.852007249916654
0.42117117351351346,0.0,0.0,-0.08483946441934637,0.0,0.0,0.0,2.8520079167349954
0.421721724054054,0.0,0.0,-0.08437821836176217,0.0,0.0,0.0,2.8520085835533364
0.42227227459459454,0.0,0.0,-0.08391697230417795,0.0,0.0,0.0,2.852009250371678
0.4228228251351351,0.0,0.0,-0.0834557262465937,0.0,0.0,0.0,2.8520099171900193
0.4233733756756757,0.0,0.0,-0.08299448018900954,0.0,0.0,0.0,2.8520105840083603
0.4239239262162162,0.0,0.0,-0.08253323413142524,0.0,0.0,0.0,2.8520112508267017
0.42447447675675676,0.0,0.0,-0.08207198807384104,0.0,0.0,0.0,2.852011917645043
0.4250250272972973,0.0,0.0,-0.08161074201625683,0.0,0.0,0.0,2.852012584463384
0.42557557783783784,0.0,0.0,-0.08114949595867257,0.0,0.0,0.0,2.8520132512817256
0.4261261283783784,0.0,0.0,-0.08068824990108846,0.0,0.0,0.0,2.852013918100067
0.4266766789189189,0.0,0.0,-0.08022700384350416,0.0,0.0,0.0,2.8520145849184084
0.42722722945945946,0.0,0.0,-0.07976575778591996,0.0,0.0,0.0,2.8520152517367494
0.42777778,0.0,0.0,-0.07930451172833575,0.0,0.0,0.0,2.852015918555091
0.42832833054054054,0.0,0.0,-0.0788432656707515,0.0,0.0,0.0,2.8520165853734323
0.4288788810810811,0.0,0.0,-0.07838201961316738,0.0,0.0,0.0,2.8520172521917733
0.4294294316216216,0.0,0.0,-0.07792077355558308,0.0,0.0,0.0,2.8520179190101147
0.42997998216216216,0.0,0.0,-0.07745952749799888,0.0,0.0,0.0,2.852018585828456
0.4305305327027027,0.0,0.0,-0.07699828144041466,0.0,0.0,0.0,2.852019252646797
0.43108108324324323,0.0,0.0,-0.07653703538283042,0.0,0.0,0.0,2.8520199194651386
0.4316316337837838,0.0,0.0,-0.07607578932524629,0.0,0.0,0.0,2.85202058628348
0.4321821843243243,0.0,0.0,-0.07561454326766201,0.0,0.0,0.0,2.852021253101821
0.43273273486486485,0.0,0.0,-0.0751532972100778,0.0,0.0,0.0,2.8520219199201624
0.4332832854054054,0.0,0.0,-0.07469205115249358,0.0,0.0,0.0,2.852022586738504
0.43383383594594593,0.0,0.0,-0.07423080509490934,0.0,0.0,0.0,2.852023253556845
0.4343843864864865,0.0,0.0,-0.07376955903732521,0.0,0.0,0.0,2.8520239203751863
0.434934937027027,0.0,0.0,-0.07330831297974093,0.0,0.0,0.0,2.8520245871935277
0.43548548756756755,0.0,0.0,-0.07284706692215671,0.0,0.0,0.0,2.8520252540118687
0.4360360381081081,0.0,0.0,-0.07238582086457256,0.0,0.0,0.0,2.85202592083021
0.43658658864864863,0.0,0.0,-0.07192457480698826,0.0,0.0,0.0,2.8520265876485515
0.43713713918918917,0.0,0.0,-0.07146332874940414,0.0,0.0,0.0,2.8520272544668925
0.4376876897297297,0.0,0.0,-0.07100208269181985,0.0,0.0,0.0,2.852027921285234
0.43823824027027025,0.0,0.0,-0.07054083663423572,0.0,0.0,0.0,2.8520285881035754
0.4387887908108108,0.0,0.0,-0.07007959057665147,0.0,0.0,0.0,2.8520292549219164
0.43933934135135133,0.0,0.0,-0.06961834451906718,0.0,0.0,0.0,2.852029921740258
0.43988989189189187,0.0,0.0,-0.06915709846148298,0.0,0.0,0.0,2.8520305885585993
0.4404404424324324,0.0,0.0,-0.06869585240389876,0.0,0.0,0.0,2.8520312553769402
0.44099099297297295,0.0,0.0,-0.06823460634631465,0.0,0.0,0.0,2.8520319221952817
0.4415415435135135,0.0,0.0,-0.06777336028873039,0.0,0.0,0.0,2.852032589013623
0.44209209405405403,0.0,0.0,-0.0673121142311461,0.0,0.0,0.0,2.852033255831964
0.44264264459459457,0.0,0.0,-0.0668508681735619,0.0,0.0,0.0,2.8520339226503055
0.4431931951351351,0.0,0.0,-0.06638962211597768,0.0,0.0,0.0,2.852034589468647
0.44374374567567565,0.0,0.0,-0.06592837605839348,0.0,0.0,0.0,2.852035256286988
0.4442942962162162,0.0,0.0,-0.06546713000080923,0.0,0.0,0.0,2.8520359231053294
0.44484484675675673,0.0,0.0,-0.06500588394322501,0.0,0.0,0.0,2.852036589923671
0.44539539729729727,0.0,0.0,-0.06454463788564081,0.0,0.0,0.0,2.852037256742012
0.4459459478378378,0.0,0.0,-0.0640833918280566,0.0,0.0,0.0,2.8520379235603532
0.44649649837837835,0.0,0.0,-0.0636221457704724,0.0,0.0,0.0,2.8520385903786947
0.4470470489189189,0.0,0.0,-0.06316089971288814,0.0,0.0,0.0,2.852039257197036
0.4475975994594594,0.0,0.0,-0.06269965365530394,0.0,0.0,0.0,2.852039924015377
0.44814814999999997,0.0,0.0,-0.06223840759771973,0.0,0.0,0.0,2.8520405908337185
0.4486987005405405,0.0,0.0,-0.061777161540135524,0.0,0.0,0.0,2.85204125765206
0.44924925108108105,0.0,0.0,-0.06131591548255132,0.0,0.0,0.0,2.852041924470401
0.4497998016216216,0.0,0.0,-0.06085466942496706,0.0,0.0,0.0,2.8520425912887424
0.4503503521621621,0.0,0.0,-0.060393423367382855,0.0,0.0,0.0,2.852043258107084
0.45090090270270267,0.0,0.0,-0.05993217730979865,0.0,0.0,0.0,2.852043924925425
0.4514514532432432,0.0,0.0,-0.05947093125221444,0.0,0.0,0.0,2.8520445917437662
0.45200200378378375,0.0,0.0,-0.059009685194630235,0.0,0.0,0.0,2.8520452585621077
0.4525525543243243,0.0,0.0,-0.058548439137045986,0.0,0.0,0.0,2.8520459253804487
0.4531031048648648,0.0,0.0,-0.05808719307946178,0.0,0.0,0.0,2.85204659219879
0.45365365540540536,0.0,0.0,-0.057625947021877566,0.0,0.0,0.0,2.8520472590171315
0.4542042059459459,0.0,0.0,-0.05716470096429336,0.0,0.0,0.0,2.8520479258354725
0.45475475648648644,0.0,0.0,-0.05670345490670915,0.0,0.0,0.0,2.852048592653814
0.455305307027027,0.0,0.0,-0.056242208849124946,0.0,0.0,0.0,2.8520492594721554
0.4558558575675675,0.0,0.0,-0.05578096279154074,0.0,0.0,0.0,2.8520499262904964
0.45640640810810806,0.0,0.0,-0.05531971673395645,0.0,0.0,0.0,2.852050593108838
0.4569569586486486,0.0,0.0,-0.054858470676372235,0.0,0.0,0.0,2.8520512599271792
0.45750750918918914,0.0,0.0,-0.05439722461878803,0.0,0.0,0.0,2.85205192674552
0.4580580597297297,0.0,0.0,-0.05393597856120382,0.0,0.0,0.0,2.8520525935638616
0.4586086102702702,0.0,0.0,-0.053474732503619615,0.0,0.0,0.0,2.852053260382203
0.45915916081081076,0.0,0.0,-0.05301348644603541,0.0,0.0,0.0,2.852053927200544
0.4597097113513513,0.0,0.0,-0.0525522403884512,0.0,0.0,0.0,2.8520545940188855
0.46026026189189184,0.0,0.0,-0.052090994330866995,0.0,0.0,0.0,2.852055260837227
0.4608108124324324,0.0,0.0,-0.05162974827328279,0.0,0.0,0.0,2.852055927655568
0.4613613629729729,0.0,0.0,-0.051168502215698575,0.0,0.0,0.0,2.8520565944739094
0.46191191351351346,0.0,0.0,-0.050707256158114285,0.0,0.0,0.0,2.852057261292251
0.462462464054054,0.0,0.0,-0.05024601010053008,0.0,0.0,0.0,2.8520579281105918
0.46301301459459454,0.0,0.0,-0.04978476404294587,0.0,0.0,0.0,2.852058594928933
0.46356356513513514,0.0,0.0,-0.049323517985361665,0.0,0.0,0.0,2.8520592617472746
0.4641141156756757,0.0,0.0,-0.04886227192777746,0.0,0.0,0.0,2.8520599285656156
0.4646646662162162,0.0,0.0,-0.04840102587019316,0.0,0.0,0.0,2.852060595383957
0.46521521675675676,0.0,0.0,-0.047939779812608954,0.0,0.0,0.0,2.8520612622022985
0.4657657672972973,0.0,0.0,-0.04747853375502475,0.0,0.0,0.0,2.8520619290206395
0.46631631783783783,0.0,0.0,-0.04701728769744054,0.0,0.0,0.0,2.852062595838981
0.4668668683783784,0.0,0.0,-0.046556041639856334,0.0,0.0,0.0,2.8520632626573224
0.4674174189189189,0.0,0.0,-0.04609479558227213,0.0,0.0,0.0,2.852063929475664
0.46796796945945945,0.0,0.0,-0.045633549524687914,0.0,0.0,0.0,2.8520645962940048
0.46851852,0.0,0.0,-0.04517230346710371,0.0,0.0,0.0,2.852065263112346
0.46906907054054053,0.0,0.0,-0.0447110574095195,0.0,0.0,0.0,2.8520659299306876
0.4696196210810811,0.0,0.0,-0.04424981135193521,0.0,0.0,0.0,2.8520665967490286
0.4701701716216216,0.0,0.0,-0.043788565294351,0.0,0.0,0.0,2.85206726356737
0.47072072216216215,0.0,0.0,-0.0433273192367668,0.0,0.0,0.0,2.8520679303857115
0.4712712727027027,0.0,0.0,-0.04286607317918258,0.0,0.0,0.0,2.8520685972040525
0.47182182324324323,0.0,0.0,-0.042404827121598376,0.0,0.0,0.0,2.852069264022394
0.47237237378378377,0.0,0.0,-0.04194358106401417,0.0,0.0,0.0,2.8520699308407353
0.4729229243243243,0.0,0.0,-0.04148233500642996,0.0,0.0,0.0,2.8520705976590763
0.47347347486486485,0.0,0.0,-0.041021088948845756,0.0,0.0,0.0,2.8520712644774178
0.4740240254054054,0.0,0.0,-0.04055984289126155,0.0,0.0,0.0,2.852071931295759
0.47457457594594593,0.0,0.0,-0.04009859683367734,0.0,0.0,0.0,2.8520725981141
0.47512512648648647,0.0,0.0,-0.039637350776093046,0.0,0.0,0.0,2.8520732649324416
0.475675677027027,0.0,0.0,-0.03917610471850884,0.0,0.0,0.0,2.852073931750783
0.47622622756756755,0.0,0.0,-0.03871485866092463,0.0,0.0,0.0,2.852074598569124
0.4767767781081081,0.0,0.0,-0.038253612603340426,0.0,0.0,0.0,2.8520752653874655
0.47732732864864863,0.0,0.0,-0.03779236654575622,0.0,0.0,0.0,2.852075932205807
0.47787787918918917,0.0,0.0,-0.03733112048817201,0.0,0.0,0.0,2.852076599024148
0.4784284297297297,0.0,0.0,-0.036869874430587805,0.0,0.0,0.0,2.8520772658424893
0.47897898027027025,0.0,0.0,-0.03640862837300359,0.0,0.0,0.0,2.8520779326608308
0.4795295308108108,0.0,0.0,-0.035947382315419385,0.0,0.0,0.0,2.8520785994791717
0.48008008135135133,0.0,0.0,-0.03548613625783518,0.0,0.0,0.0,2.852079266297513
0.48063063189189187,0.0,0.0,-0.03502489020025089,0.0,0.0,0.0,2.8520799331158546
0.4811811824324324,0.0,0.0,-0.03456364414266668,0.0,0.0,0.0,2.8520805999341956
0.48173173297297295,0.0,0.0,-0.034102398085082475,0.0,0.0,0.0,2.852081266752537
0.4822822835135135,0.0,0.0,-0.03364115202749826,0.0,0.0,0.0,2.8520819335708785
0.482832834054054,0.0,0.0,-0.033179905969914054,0.0,0.0,0.0,2.8520826003892195
0.48338338459459457,0.0,0.0,-0.03271865991232985,0.0,0.0,0.0,2.852083267207561
0.4839339351351351,0.0,0.0,-0.03225741385474564,0.0,0.0,0.0,2.8520839340259023
0.48448448567567565,0.0,0.0,-0.031796167797161434,0.0,0.0,0.0,2.8520846008442433
0.4850350362162162,0.0,0.0,-0.03133492173957723,0.0,0.0,0.0,2.8520852676625847
0.4855855867567567,0.0,0.0,-0.030873675681993017,0.0,0.0,0.0,2.852085934480926
0.48613613729729727,0.0,0.0,-0.030412429624408727,0.0,0.0,0.0,2.8520866012992676
0.4866866878378378,0.0,0.0,-0.02995118356682452,0.0,0.0,0.0,2.8520872681176086
0.48723723837837835,0.0,0.0,-0.02948993750924031,0.0,0.0,0.0,2.85208793493595
0.4877877889189189,0.0,0.0,-0.029028691451656104,0.0,0.0,0.0,2.8520886017542915
0.4883383394594594,0.0,0.0,-0.028567445394071897,0.0,0.0,0.0,2.8520892685726325
0.48888888999999996,0.0,0.0,-0.02810619933648769,0.0,0.0,0.0,2.852089935390974
0.4894394405405405,0.0,0.0,-0.02764495327890348,0.0,0.0,0.0,2.8520906022093153
0.48998999108108104,0.0,0.0,-0.027183707221319273,0.0,0.0,0.0,2.8520912690276563
0.4905405416216216,0.0,0.0,-0.026722461163735067,0.0,0.0,0.0,2.8520919358459977
0.4910910921621621,0.0,0.0,-0.026261215106150856,0.0,0.0,0.0,2.852092602664339
0.49164164270270266,0.0,0.0,-0.025799969048566566,0.0,0.0,0.0,2.85209326948268
0.4921921932432432,0.0,0.0,-0.02533872299098236,0.0,0.0,0.0,2.8520939363010216
0.49274274378378374,0.0,0.0,-0.02487747693339815,0.0,0.0,0.0,2.852094603119363
0.4932932943243243,0.0,0.0,-0.024416230875813943,0.0,0.0,0.0,2.852095269937704
0.4938438448648648,0.0,0.0,-0.023954984818229736,0.0,0.0,0.0,2.8520959367560454
0.49439439540540536,0.0,0.0,-0.02349373876064553,0.0,0.0,0.0,2.852096603574387
0.4949449459459459,0.0,0.0,-0.02303249270306132,0.0,0.0,0.0,2.852097270392728
0.49549549648648644,0.0,0.0,-0.022571246645477112,0.0,0.0,0.0,2.8520979372110693
0.496046047027027,0.0,0.0,-0.022110000587892906,0.0,0.0,0.0,2.8520986040294107
0.4965965975675675,0.0,0.0,-0.021648754530308612,0.0,0.0,0.0,2.8520992708477517
0.49714714810810806,0.0,0.0,-0.021187508472724405,0.0,0.0,0.0,2.852099937666093
0.4976976986486486,0.0,0.0,-0.0207262624151402,0.0,0.0,0.0,2.8521006044844346
0.49824824918918914,0.0,0.0,-0.02026501635755599,0.0,0.0,0.0,2.8521012713027756
0.4987987997297297,0.0,0.0,-0.019803770299971782,0.0,0.0,0.0,2.852101938121117
0.4993493502702702,0.0,0.0,-0.019342524242387575,0.0,0.0,0.0,2.8521026049394584
0.49989990081081076,0.0,0.0,-0.01888127818480337,0.0,0.0,0.0,2.8521032717577994
0.5004504513513514,0.0,0.0,-0.018420032127219075,0.0,0.0,0.0,2.852103938576141
0.5010010018918919,0.0,0.0,-0.017958786069634868,0.0,0.0,0.0,2.8521046053944823
0.5015515524324324,0.0,0.0,-0.017497540012050658,0.0,0.0,0.0,2.8521052722128233
0.502102102972973,0.0,0.0,-0.01703629395446645,0.0,0.0,0.0,2.8521059390311647
0.5026526535135135,0.0,0.0,-0.016575047896882245,0.0,0.0,0.0,2.852106605849506
0.503203204054054,0.0,0.0,-0.016113801839298038,0.0,0.0,0.0,2.852107272667847
0.5037537545945946,0.0,0.0,-0.015652555781713828,0.0,0.0,0.0,2.8521079394861886
0.5043043051351351,0.0,0.0,-0.015191309724129621,0.0,0.0,0.0,2.85210860630453
0.5048548556756757,0.0,0.0,-0.01473006366654533,0.0,0.0,0.0,2.852109273122871
0.5054054062162162,0.0,0.0,-0.01426881760896112,0.0,0.0,0.0,2.8521099399412124
0.5059559567567568,0.0,0.0,-0.013807571551376914,0.0,0.0,0.0,2.852110606759554
0.5065065072972973,0.0,0.0,-0.013346325493792706,0.0,0.0,0.0,2.8521112735778953
0.5070570578378378,0.0,0.0,-0.012885079436208499,0.0,0.0,0.0,2.8521119403962363
0.5076076083783784,0.0,0.0,-0.01242383337862429,0.0,0.0,0.0,2.8521126072145777
0.5081581589189189,0.0,0.0,-0.011962587321040084,0.0,0.0,0.0,2.852113274032919
0.5087087094594595,0.0,0.0,-0.011501341263455875,0.0,0.0,0.0,2.85211394085126
0.50925926,0.0,0.0,-0.011040095205871668,0.0,0.0,0.0,2.8521146076696016
0.5098098105405405,0.0,0.0,-0.010578849148287375,0.0,0.0,0.0,2.852115274487943
0.5103603610810811,0.0,0.0,-0.010117603090703168,0.0,0.0,0.0,2.852115941306284
0.5109109116216216,0.0,0.0,-0.00965635703311896,0.0,0.0,0.0,2.8521166081246254
0.5114614621621622,0.0,0.0,-0.009195110975534753,0.0,0.0,0.0,2.852117274942967
0.5120120127027027,0.0,0.0,-0.008733864917950545,0.0,0.0,0.0,2.852117941761308
0.5125625632432432,0.0,0.0,-0.008272618860366338,0.0,0.0,0.0,2.8521186085796493
0.5131131137837838,0.0,0.0,-0.00781137280278213,0.0,0.0,0.0,2.8521192753979907
0.5136636643243243,0.0,0.0,-0.007350126745197923,0.0,0.0,0.0,2.8521199422163317
0.5142142148648648,0.0,0.0,-0.006888880687613715,0.0,0.0,0.0,2.852120609034673
0.5147647654054054,0.0,0.0,-0.0064276346300295075,0.0,0.0,0.0,2.8521212758530146
0.5153153159459459,0.0,0.0,-0.005966388572445215,0.0,0.0,0.0,2.8521219426713555
0.5158658664864865,0.0,0.0,-0.005505142514861007,0.0,0.0,0.0,2.852122609489697
0.516416417027027,0.0,0.0,-0.0050438964572768,0.0,0.0,0.0,2.8521232763080384
0.5169669675675675,0.0,0.0,-0.004582650399692592,0.0,0.0,0.0,2.8521239431263794
0.5175175181081081,0.0,0.0,-0.0041214043421083845,0.0,0.0,0.0,2.852124609944721
0.5180680686486486,0.0,0.0,-0.0036601582845241765,0.0,0.0,0.0,2.8521252767630623
0.5186186191891892,0.0,0.0,-0.003198912226939969,0.0,0.0,0.0,2.8521259435814033
0.5191691697297297,0.0,0.0,-0.0027376661693557613,0.0,0.0,0.0,2.8521266103997447
0.5197197202702702,0.0,0.0,-0.0022764201117715537,0.0,0.0,0.0,2.852127277218086
0.5202702708108108,0.0,0.0,-0.0018151740541873464,0.0,0.0,0.0,2.852127944036427
0.5208208213513513,0.0,0.0,-0.001353927996603054,0.0,0.0,0.0,2.8521286108547685
0.5213713718918919,0.0,0.0,-0.0008926819390188464,0.0,0.0,0.0,2.85212927767311
0.5219219224324324,0.0,0.0,-0.00043143588143463874,0.0,0.0,0.0,2.852129944491451
0.522472472972973,0.0,0.0,-0.0,0.0,0.0,0.0,2.8521305682135494
0.5230230235135135,0.0,0.0,-0.0,0.0,0.0,0.0,2.8521305682135494
0.5235735740540541,0.0,0.0,-0.0,0.0,0.0,0.0,2.8521305682135494
0.5241241245945947,0.0,0.0,-0.0,0.0,0.0,0.0,2.8521305682135494
0.5246746751351352,0.0,0.0,-0.0,0.0,0.0,0.0,2.8521305682135494
0.5252252256756758,0.0,0.0,-0.0,0.0,0.0,0.0,2.8521305682135494
0.5257757762162163,0.0,0.0,-0.0,0.0,0.0,0.0,2.8521305682135494
0.5263263267567568,0.0,0.0,-0.0,0.0,0.0,0.0,2.8521305682135494
0.5268768772972974,0.0,0.0,-0.0,0.0,0.0,0.0,2.8521305682135494
0.5274274278378379,0.0,0.0,-0.0,0.0,0.0,0.0,2.8521305682135494
0.5279779783783785,0.0,0.0,-0.0,0.0,0.0,0.0,2.8521305682135494
0.528528528918919,0.0,0.0,-0.0,0.0,0.0,0.0,2.8521305682135494
0.5290790794594595,0.0,0.0,-0.0,0.0,0.0,0.0,2.8521305682135494
0.5296296300000001,0.0,0.0,-0.0,0.0,0.0,0.0,2.8521305682135494
0.5301801805405406,0.0,0.0,-0.0,0.0,0.0,0.0,2.8521305682135494
0.5307307310810812,0.0,0.0,-0.0,0.0,0.0,0.0,2.8521305682135494
0.5312812816216217,0.0,0.0,-0.0,0.0,0.0,0.0,2.8521305682135494
0.5318318321621622,0.0,0.0,-0.0,0.0,0.0,0.0,2.8521305682135494
0.5323823827027028,0.0,0.0,-0.0,0.0,0.0,0.0,2.8521305682135494
0.5329329332432433,0.0,0.0,-0.0,0.0,0.0,0.0,2.8521305682135494
0.5334834837837839,0.0,0.0,-0.0,0.0,0.0,0.0,2.8521305682135494
0.5340340343243244,0.0,0.0,-0.0,0.0,0.0,0.0,2.8521305682135494
0.5345845848648649,0.0,0.0,-0.0,0.0,0.0,0.0,2.8521305682135494
0.5351351354054055,0.0,0.0,-0.0,0.0,0.0,0.0,2.8521305682135494
0.535685685945946,0.0,0.0,-0.0,0.0,0.0,0.0,2.8521305682135494
0.5362362364864866,0.0,0.0,-0.0,0.0,0.0,0.0,2.8521305682135494
0.5367867870270271,0.0,0.0,-0.0,0.0,0.0,0.0,2.8521305682135494
0.5373373375675676,0.0,0.0,-0.0,0.0,0.0,0.0,2.8521305682135494
0.5378878881081082,0.0,0.0,-0.0,0.0,0.0,0.0,2.8521305682135494
0.5384384386486487,0.0,0.0,-0.0,0.0,0.0,0.0,2.8521305682135494
0.5389889891891892,0.0,0.0,-0.0,0.0,0.0,0.0,2.8521305682135494
0.5395395397297298,0.0,0.0,-0.0,0.0,0.0,0.0,2.8521305682135494
0.5400900902702703,0.0,0.0,-0.0,0.0,0.0,0.0,2.8521305682135494
0.5406406408108109,0.0,0.0,-0.0,0.0,0.0,0.0,2.8521305682135494
0.5411911913513514,0.0,0.0,-0.0,0.0,0.0,0.0,2.8521305682135494
0.541741741891892,0.0,0.0,-0.0,0.0,0.0,0.0,2.8521305682135494
0.5422922924324325,0.0,0.0,-0.0,0.0,0.0,0.0,2.8521305682135494
0.542842842972973,0.0,0.0,-0.0,0.0,0.0,0.0,2.8521305682135494
0.5433933935135136,0.0,0.0,-0.0,0.0,0.0,0.0,2.8521305682135494
0.5439439440540541,0.0,0.0,-0.0,0.0,0.0,0.0,2.8521305682135494
0.5444944945945946,0.0,0.0,-0.0,0.0,0.0,0.0,2.8521305682135494
0.5450450451351352,0.0,0.0,-0.0,0.0,0.0,0.0,2.8521305682135494
0.5455955956756757,0.0,0.0,-0.0,0.0,0.0,0.0,2.8521305682135494
0.5461461462162163,0.0,0.0,-0.0,0.0,0.0,0.0,2.8521305682135494
0.5466966967567568,0.0,0.0,-0.0,0.0,0.0,0.0,2.8521305682135494
0.5472472472972973,0.0,0.0,-0.0,0.0,0.0,0.0,2.8521305682135494
0.5477977978378379,0.0,0.0,-0.0,0.0,0.0,0.0,2.8521305682135494
0.5483483483783784,0.0,0.0,-0.0,0.0,0.0,0.0,2.8521305682135494
0.548898898918919,0.0,0.0,-0.0,0.0,0.0,0.0,2.8521305682135494
0.5494494494594595,0.0,0.0,-0.0,0.0,0.0,0.0,2.8521305682135494
0.55,0.0,0.0,-0.0,0.0,0.0,0.0,2.8521305682135494
